longitude,latitude,Soil_Phase,Main_Class,Soil_Type,Int_Type
76.54126782,11.7867199,HPRcB2,HPR,Gravelly_Sandy_Clay_Loam,3
76.54126918,11.78898005,HPRcB2,HPR,Gravelly_Sandy_Clay_Loam,3
76.54356059,11.7844584,HPRcB2,HPR,Gravelly_Sandy_Clay_Loam,3
76.54356197,11.78671855,HPRcB2,HPR,Gravelly_Sandy_Clay_Loam,3
76.54585193,11.77993673,HPRhB2g1,HPR,Gravelly_Sandy_Clay_Loam,3
76.54585333,11.78219688,HPRhB2g1,HPR,Gravelly_Sandy_Clay_Loam,3
76.54585473,11.78445703,HPRhB1,HPR,Gravelly_Sandy_Clay_Loam,3
76.54585612,11.78671718,HPRcB2,HPR,Gravelly_Sandy_Clay_Loam,3
76.54813613,11.76411427,KLPhB2,KLP,Gravelly_Sandy_Clay_Loam,3
76.54813754,11.76637443,MDHiB2,MDH,Gravelly_Sandy_Clay,2
76.54813896,11.76863458,MDHiB2,MDH,Gravelly_Sandy_Clay,2
76.54814603,11.77993534,BMDhB2,BMD,Clay,1
76.54814886,11.78445564,HPRhB1,HPR,Gravelly_Sandy_Clay_Loam,3
76.54815028,11.78671579,BMBiB1,BMB,Clay,1
76.55042866,11.76185272,BMBhB2,BMB,Clay,1
76.55043009,11.76411287,KLPhB2,KLP,Gravelly_Sandy_Clay_Loam,3
76.55043153,11.76637302,MDHiB2,MDH,Gravelly_Sandy_Clay,2
76.55043296,11.76863318,MDHiB2,MDH,Gravelly_Sandy_Clay,2
76.55043439,11.77089333,MDHiB2,MDH,Gravelly_Sandy_Clay,2
76.55043869,11.77767379,BMDhB2,BMD,Clay,1
76.55044013,11.77993394,HPRcB2,HPR,Gravelly_Sandy_Clay_Loam,3
76.55044156,11.78219409,HGHhB1,HGH,Sandy_Clay_Loam,5
76.55044299,11.78445424,HPRhB1,HPR,Gravelly_Sandy_Clay_Loam,3
76.55044443,11.78671439,BMBiB1,BMB,Clay,1
76.55271681,11.75281068,GPRcC2g1,GPR,Gravelly_Sandy_Clay_Loam,3
76.55271826,11.75507083,GPRcC2g1,GPR,Gravelly_Sandy_Clay_Loam,3
76.55271971,11.75733099,GPRcC2g1,GPR,Gravelly_Sandy_Clay_Loam,3
76.55272116,11.75959114,BMBhB2,BMB,Clay,1
76.55272261,11.7618513,BMBhB2,BMB,Clay,1
76.55272406,11.76411145,KLPhB2,KLP,Gravelly_Sandy_Clay_Loam,3
76.55272551,11.7663716,HPRiB2g1,HPR,Gravelly_Sandy_Clay_Loam,3
76.55272696,11.76863176,HPRiB2g1,HPR,Gravelly_Sandy_Clay_Loam,3
76.55272986,11.77315206,BMBmB1,BMB,Clay,1
76.55273132,11.77541221,HPRcB2,HPR,Gravelly_Sandy_Clay_Loam,3
76.55273277,11.77767236,HPRcB2,HPR,Gravelly_Sandy_Clay_Loam,3
76.55273422,11.77993252,HPRmB1,HPR,Gravelly_Sandy_Clay_Loam,3
76.55273567,11.78219267,HGHhB1,HGH,Sandy_Clay_Loam,5
76.55273713,11.78445282,BMBiB1,BMB,Clay,1
76.55273858,11.78671297,BMBiB1,BMB,Clay,1
76.55274004,11.78897312,HPRiB1,HPR,Gravelly_Sandy_Clay_Loam,3
76.55500921,11.75054909,GPRcC2g1,GPR,Gravelly_Sandy_Clay_Loam,3
76.55501068,11.75280924,GPRcC2g1,GPR,Gravelly_Sandy_Clay_Loam,3
76.55501362,11.75732955,BMBhB2,BMB,Clay,1
76.55501509,11.7595897,BMBhB2,BMB,Clay,1
76.55501656,11.76184986,BMBhB2,BMB,Clay,1
76.55501802,11.76411001,HGHcB2,HGH,Sandy_Clay_Loam,5
76.55501949,11.76637016,ARKhB2g1,ARK,Sandy_Clay,4
76.55502096,11.76863032,ARKhB2g1,ARK,Sandy_Clay,4
76.55502243,11.77089047,MDHiB2,MDH,Gravelly_Sandy_Clay,2
76.55502538,11.77541077,HPRcB2,HPR,Gravelly_Sandy_Clay_Loam,3
76.55502685,11.77767092,HPRcB2,HPR,Gravelly_Sandy_Clay_Loam,3
76.55502832,11.77993108,HPRmB1,HPR,Gravelly_Sandy_Clay_Loam,3
76.55502979,11.78219123,HGHhB1,HGH,Sandy_Clay_Loam,5
76.55503126,11.78445138,BMBiB1,BMB,Clay,1
76.55503273,11.78671152,HPRiB1,HPR,Gravelly_Sandy_Clay_Loam,3
76.55503421,11.78897168,HPRiB1,HPR,Gravelly_Sandy_Clay_Loam,3
76.55503568,11.79123182,KNGhC2g1,KNG,Gravelly_Sandy_Clay_Loam,3
76.55730307,11.75054763,GPRcC2g1,GPR,Gravelly_Sandy_Clay_Loam,3
76.55730455,11.75280779,GPRcC2g1,GPR,Gravelly_Sandy_Clay_Loam,3
76.55730604,11.75506794,GPRcC2g1,GPR,Gravelly_Sandy_Clay_Loam,3
76.55730753,11.75732809,GPRcC2g1,GPR,Gravelly_Sandy_Clay_Loam,3
76.55730901,11.75958825,BMDhB1g1,BMD,Clay,1
76.5573105,11.7618484,BMBmB1,BMB,Clay,1
76.55731199,11.76410855,BMBmB1,BMB,Clay,1
76.55731348,11.76636871,ARKhB2g1,ARK,Sandy_Clay,4
76.55731497,11.76862886,ARKhB2g1,ARK,Sandy_Clay,4
76.55731646,11.77088901,ARKhB2g1,ARK,Sandy_Clay,4
76.55731794,11.77314916,BMBmB1,BMB,Clay,1
76.55731943,11.77540931,HPRcB1,HPR,Gravelly_Sandy_Clay_Loam,3
76.55732092,11.77766947,HPRbB1g1,HPR,Gravelly_Sandy_Clay_Loam,3
76.55732241,11.77992962,HPRbB1g1,HPR,Gravelly_Sandy_Clay_Loam,3
76.5573239,11.78218977,HPRmB1,HPR,Gravelly_Sandy_Clay_Loam,3
76.5573254,11.78444992,BMBiB1,BMB,Clay,1
76.55732689,11.78671007,HPRhB2,HPR,Gravelly_Sandy_Clay_Loam,3
76.55732838,11.78897021,HPRhB2,HPR,Gravelly_Sandy_Clay_Loam,3
76.55732987,11.79123036,KNGhC2g1,KNG,Gravelly_Sandy_Clay_Loam,3
76.55733136,11.79349051,DRHhC3g1,DRH,Gravelly_Sandy_Clay_Loam,3
76.55959692,11.75054616,GPRcC2g1,GPR,Gravelly_Sandy_Clay_Loam,3
76.55959842,11.75280631,GPRcC2g1,GPR,Gravelly_Sandy_Clay_Loam,3
76.55959993,11.75506647,GPRcB1,GPR,Gravelly_Sandy_Clay_Loam,3
76.55960143,11.75732662,GPRcB1,GPR,Gravelly_Sandy_Clay_Loam,3
76.55960294,11.75958677,BMDhB1g1,BMD,Clay,1
76.55960445,11.76184693,BMBmB1,BMB,Clay,1
76.55960595,11.76410708,BMBmB1,BMB,Clay,1
76.55960746,11.76636723,BMBmB1,BMB,Clay,1
76.55960897,11.76862738,BMBmB1,BMB,Clay,1
76.55961048,11.77088754,BMBmB1,BMB,Clay,1
76.55961198,11.77314769,BMBmB1,BMB,Clay,1
76.55961349,11.77540784,HPRcB1,HPR,Gravelly_Sandy_Clay_Loam,3
76.559615,11.77766799,HPRcB1,HPR,Gravelly_Sandy_Clay_Loam,3
76.55961802,11.78218829,BMBiB1,BMB,Clay,1
76.55961953,11.78444844,BMBiB1,BMB,Clay,1
76.55962104,11.78670859,HPRhB2,HPR,Gravelly_Sandy_Clay_Loam,3
76.55962196,11.77534381,HPRcB1,HPR,Gravelly_Sandy_Clay_Loam,3
76.55962255,11.78896874,HPRhB2,HPR,Gravelly_Sandy_Clay_Loam,3
76.55962406,11.79122888,KNGhC2g1,KNG,Gravelly_Sandy_Clay_Loam,3
76.55962557,11.79348903,DRHhC3g1,DRH,Gravelly_Sandy_Clay_Loam,3
76.56189077,11.75054466,BMDhC2g1,BMD,Clay,1
76.56189229,11.75280482,BMDhC2g1,BMD,Clay,1
76.56189382,11.75506497,BMBiB1,BMB,Clay,1
76.56189534,11.75732513,GPRcB1,GPR,Gravelly_Sandy_Clay_Loam,3
76.56189687,11.75958528,BMBmB1,BMB,Clay,1
76.56189839,11.76184543,BMBmB1,BMB,Clay,1
76.56189992,11.76410559,ARKhB1,ARK,Sandy_Clay,4
76.56190145,11.76636574,GPRhB1g1,GPR,Gravelly_Sandy_Clay_Loam,3
76.56190297,11.76862589,GPRhB1g1,GPR,Gravelly_Sandy_Clay_Loam,3
76.5619045,11.77088604,BMBmB1,BMB,Clay,1
76.56190602,11.77314619,BMBmB1,BMB,Clay,1
76.56190755,11.77540634,HPRcB1,HPR,Gravelly_Sandy_Clay_Loam,3
76.56190908,11.77766649,BMBiB1,BMB,Clay,1
76.56191061,11.77992664,BMBiB1,BMB,Clay,1
76.56191213,11.78218679,BMBiB1,BMB,Clay,1
76.56191366,11.78444694,BMDhB1g1,BMD,Clay,1
76.56191519,11.78670709,HPRhB2,HPR,Gravelly_Sandy_Clay_Loam,3
76.56191672,11.78896724,HPRhB2,HPR,Gravelly_Sandy_Clay_Loam,3
76.56191825,11.79122739,KNGhC2g1,KNG,Gravelly_Sandy_Clay_Loam,3
76.56191978,11.79348754,KNGhC2g1,KNG,Gravelly_Sandy_Clay_Loam,3
76.56192131,11.79574768,KNGhC2g1,KNG,Gravelly_Sandy_Clay_Loam,3
76.56418462,11.75054315,BMDhC2g1,BMD,Clay,1
76.56418617,11.75280331,HGHhB1,HGH,Sandy_Clay_Loam,5
76.56418771,11.75506346,HGHhB1,HGH,Sandy_Clay_Loam,5
76.56418925,11.75732362,BMDhB1,BMD,Clay,1
76.5641908,11.75958377,BMDhB1,BMD,Clay,1
76.56419234,11.76184392,ARKhB1,ARK,Sandy_Clay,4
76.56419388,11.76410407,ARKhB1,ARK,Sandy_Clay,4
76.56419543,11.76636423,HGHhB1g1,HGH,Sandy_Clay_Loam,5
76.56419697,11.76862438,HGHhB1g1,HGH,Sandy_Clay_Loam,5
76.56419852,11.77088453,HDRhB1g1,HDR,Sandy_Clay_Loam,5
76.56420006,11.77314468,BMBmB1,BMB,Clay,1
76.56420161,11.77540483,BMBmB1,BMB,Clay,1
76.56420316,11.77766498,BMBiB1,BMB,Clay,1
76.5642047,11.77992513,BMBiB1,BMB,Clay,1
76.56420625,11.78218528,HGHiB1,HGH,Sandy_Clay_Loam,5
76.5642078,11.78444543,HGHiB1,HGH,Sandy_Clay_Loam,5
76.56420934,11.78670557,HPRhB2,HPR,Gravelly_Sandy_Clay_Loam,3
76.56421089,11.78896572,HPRhB2,HPR,Gravelly_Sandy_Clay_Loam,3
76.56421244,11.79122587,HPRcB2g1,HPR,Gravelly_Sandy_Clay_Loam,3
76.56421399,11.79348602,KNGhC2g1,KNG,Gravelly_Sandy_Clay_Loam,3
76.56421554,11.79574617,KNGhC2g1,KNG,Gravelly_Sandy_Clay_Loam,3
76.56647848,11.75054163,GPRhB1g1,GPR,Gravelly_Sandy_Clay_Loam,3
76.56648004,11.75280178,GPRhB1g1,GPR,Gravelly_Sandy_Clay_Loam,3
76.5664816,11.75506193,HGHhB2,HGH,Sandy_Clay_Loam,5
76.56648316,11.75732209,GPRiB1,GPR,Gravelly_Sandy_Clay_Loam,3
76.56648472,11.75958224,GPRiB1,GPR,Gravelly_Sandy_Clay_Loam,3
76.56648785,11.76410254,KDHiB1,KDH,Sandy_Clay,4
76.56648941,11.76636269,KDHiB1,KDH,Sandy_Clay,4
76.56649098,11.76862284,ARKiB1,ARK,Sandy_Clay,4
76.56649254,11.77088299,BMBmB1,BMB,Clay,1
76.5664941,11.77314315,BMBmB1,BMB,Clay,1
76.56649567,11.7754033,BMBmB1,BMB,Clay,1
76.56649723,11.77766345,BMBiB1,BMB,Clay,1
76.5664988,11.77992359,HGHiB1,HGH,Sandy_Clay_Loam,5
76.56650036,11.78218374,HGHiB1,HGH,Sandy_Clay_Loam,5
76.56650193,11.78444389,BMBiB1,BMB,Clay,1
76.5665035,11.78670404,HPRcB2g1,HPR,Gravelly_Sandy_Clay_Loam,3
76.56650506,11.78896419,HPRcB2g1,HPR,Gravelly_Sandy_Clay_Loam,3
76.56650663,11.79122434,KNGhC2g1,KNG,Gravelly_Sandy_Clay_Loam,3
76.5665082,11.79348448,KNGhC2g1,KNG,Gravelly_Sandy_Clay_Loam,3
76.56652074,11.81156565,KLPcC2g1,KLP,Gravelly_Sandy_Clay_Loam,3
76.56652231,11.81382579,KLPcC2g1,KLP,Gravelly_Sandy_Clay_Loam,3
76.56877233,11.75054008,HGHhB2,HGH,Sandy_Clay_Loam,5
76.56877391,11.75280023,HGHhB2,HGH,Sandy_Clay_Loam,5
76.56877549,11.75506038,HPRiB1,HPR,Gravelly_Sandy_Clay_Loam,3
76.56877707,11.75732054,MGHiB1,MGH,Gravelly_Sandy_Clay_Loam,3
76.5687834,11.76636114,ARKiB1,ARK,Sandy_Clay,4
76.56878498,11.76862129,HPRiB1,HPR,Gravelly_Sandy_Clay_Loam,3
76.56878656,11.77088144,BMBmB1,BMB,Clay,1
76.56878814,11.7731416,BMBmB1,BMB,Clay,1
76.56878973,11.77540174,BMBmB1,BMB,Clay,1
76.56879289,11.77992204,BMBiB1,BMB,Clay,1
76.56879448,11.78218219,BMBiB1,BMB,Clay,1
76.56879923,11.78896264,BMDcD2g1,BMD,Clay,1
76.56880082,11.79122278,BMDcD2g1,BMD,Clay,1
76.56880241,11.79348293,KNGhC2g1,KNG,Gravelly_Sandy_Clay_Loam,3
76.56880875,11.80252351,KNGbB1g1,KNG,Gravelly_Sandy_Clay_Loam,3
76.56881034,11.80478366,KLPcC2g1,KLP,Gravelly_Sandy_Clay_Loam,3
76.56881193,11.8070438,KLPcC2g1,KLP,Gravelly_Sandy_Clay_Loam,3
76.56881351,11.80930395,KLPcC2g1,KLP,Gravelly_Sandy_Clay_Loam,3
76.5688151,11.81156409,KLPcC2g1,KLP,Gravelly_Sandy_Clay_Loam,3
76.57106618,11.75053851,BMBmB2,BMB,Clay,1
76.57106778,11.75279867,BMBmB2,BMB,Clay,1
76.57106938,11.75505882,BMBmB2,BMB,Clay,1
76.57107098,11.75731897,BMBmB2,BMB,Clay,1
76.57107258,11.75957912,MGHiB1,MGH,Gravelly_Sandy_Clay_Loam,3
76.57107418,11.76183927,KDHiB1,KDH,Sandy_Clay,4
76.57107578,11.76409942,KDHiB1,KDH,Sandy_Clay,4
76.57107738,11.76635958,ARKiB1,ARK,Sandy_Clay,4
76.57107898,11.76861973,HPRiB1,HPR,Gravelly_Sandy_Clay_Loam,3
76.57108218,11.77314003,BMBmB1,BMB,Clay,1
76.57108379,11.77540018,BMBmB1,BMB,Clay,1
76.57108539,11.77766033,BMBmB1,BMB,Clay,1
76.57108699,11.77992047,BMBiB1,BMB,Clay,1
76.57108859,11.78218062,BMBiB1,BMB,Clay,1
76.5710918,11.78670092,SPRcB2g1,SPR,Gravelly_Sandy_Clay_Loam,3
76.57109242,11.75957843,MGHiB1,MGH,Gravelly_Sandy_Clay_Loam,3
76.5710934,11.78896106,SPRcB2g1,SPR,Gravelly_Sandy_Clay_Loam,3
76.57109501,11.79122121,BMDcD2g1,BMD,Clay,1
76.57110464,11.80478209,KNGbB1g1,KNG,Gravelly_Sandy_Clay_Loam,3
76.57110625,11.80704223,KNGbB2g2,KNG,Gravelly_Sandy_Clay_Loam,3
76.57110946,11.81156252,BMBiB1,BMB,Clay,1
76.57111107,11.81382266,KLPcC2g1,KLP,Gravelly_Sandy_Clay_Loam,3
76.57336003,11.75053693,BMDcD2g1,BMD,Clay,1
76.57336165,11.75279708,BMDcC2g1,BMD,Clay,1
76.57336327,11.75505723,BMBmB2,BMB,Clay,1
76.57336489,11.75731738,BMBmB2,BMB,Clay,1
76.57336651,11.75957754,HGHmB1,HGH,Sandy_Clay_Loam,5
76.57336812,11.76183769,HGHmB1,HGH,Sandy_Clay_Loam,5
76.57336974,11.76409784,HGHmB1,HGH,Sandy_Clay_Loam,5
76.57337136,11.76635799,BMBmB1,BMB,Clay,1
76.57337298,11.76861814,BMBmB1,BMB,Clay,1
76.57337784,11.77539859,BMBmB1,BMB,Clay,1
76.57337947,11.77765874,GPRhB1,GPR,Gravelly_Sandy_Clay_Loam,3
76.57338109,11.77991889,BMDhB1,BMD,Clay,1
76.57338271,11.78217903,HDRhB1,HDR,Sandy_Clay_Loam,5
76.57338433,11.78443918,HGHiB1,HGH,Sandy_Clay_Loam,5
76.57338595,11.78669933,SPRiC2g1,SPR,Gravelly_Sandy_Clay_Loam,3
76.57338758,11.78895948,SPRcB2g1,SPR,Gravelly_Sandy_Clay_Loam,3
76.57339895,11.80478049,KNGbB1g1,KNG,Gravelly_Sandy_Clay_Loam,3
76.57340057,11.80704064,KNGbB2g2,KNG,Gravelly_Sandy_Clay_Loam,3
76.5734022,11.80930078,HDRbB1g1,HDR,Sandy_Clay_Loam,5
76.57340382,11.81156093,KNGcB2,KNG,Gravelly_Sandy_Clay_Loam,3
76.57340545,11.81382107,KLPcC2g1,KLP,Gravelly_Sandy_Clay_Loam,3
76.57565225,11.74827517,MGHhE2g1,MGH,Gravelly_Sandy_Clay_Loam,3
76.57565389,11.75053533,BMDcD2g1,BMD,Clay,1
76.57565552,11.75279548,BMDcC2g1,BMD,Clay,1
76.57565716,11.75505563,SPRhB2g1,SPR,Gravelly_Sandy_Clay_Loam,3
76.5756588,11.75731578,BMBhB1,BMB,Clay,1
76.57566043,11.75957593,HPRiB1,HPR,Gravelly_Sandy_Clay_Loam,3
76.57566207,11.76183608,HGHmB1,HGH,Sandy_Clay_Loam,5
76.57566371,11.76409623,HGHmB1,HGH,Sandy_Clay_Loam,5
76.57566535,11.76635638,BMBmB1,BMB,Clay,1
76.57566698,11.76861653,BMBmB1,BMB,Clay,1
76.57566862,11.77087668,BMBmB1,BMB,Clay,1
76.5756719,11.77539698,BMBmB1,BMB,Clay,1
76.57567354,11.77765713,BMBmB1,BMB,Clay,1
76.57567518,11.77991728,BMDhB1,BMD,Clay,1
76.57567682,11.78217743,BMDhB1,BMD,Clay,1
76.57567846,11.78443757,SPRcB1g1,SPR,Gravelly_Sandy_Clay_Loam,3
76.5756801,11.78669772,SPRiC2g1,SPR,Gravelly_Sandy_Clay_Loam,3
76.57568175,11.78895787,SPRiC2g1,SPR,Gravelly_Sandy_Clay_Loam,3
76.57569325,11.80477888,KNGbB1g1,KNG,Gravelly_Sandy_Clay_Loam,3
76.57569489,11.80703903,KNGbB1g1,KNG,Gravelly_Sandy_Clay_Loam,3
76.57569654,11.80929917,DRHcB2g1,DRH,Gravelly_Sandy_Clay_Loam,3
76.57569818,11.81155931,DRHcB2g1,DRH,Gravelly_Sandy_Clay_Loam,3
76.57569983,11.81381946,BMBiB1,BMB,Clay,1
76.57794608,11.74827355,MGHhE2g1,MGH,Gravelly_Sandy_Clay_Loam,3
76.57794774,11.7505337,SPRcD2g1,SPR,Gravelly_Sandy_Clay_Loam,3
76.57794939,11.75279386,SPRcC2g1,SPR,Gravelly_Sandy_Clay_Loam,3
76.57795105,11.75505401,SPRhB2g1,SPR,Gravelly_Sandy_Clay_Loam,3
76.5779527,11.75731416,KLPhB1,KLP,Gravelly_Sandy_Clay_Loam,3
76.57795436,11.75957431,HPRiB1,HPR,Gravelly_Sandy_Clay_Loam,3
76.57795602,11.76183446,HPRiB1,HPR,Gravelly_Sandy_Clay_Loam,3
76.57795767,11.76409461,HGHmB1,HGH,Sandy_Clay_Loam,5
76.57795933,11.76635476,BMBmB1,BMB,Clay,1
76.57796928,11.77991565,BMDcB1g1,BMD,Clay,1
76.57797094,11.7821758,BMDcB1g1,BMD,Clay,1
76.5779726,11.78443595,SPRcB1g1,SPR,Gravelly_Sandy_Clay_Loam,3
76.57797426,11.78669609,SPRiC2g1,SPR,Gravelly_Sandy_Clay_Loam,3
76.57798755,11.80477726,DRHcB2g1,DRH,Gravelly_Sandy_Clay_Loam,3
76.57798921,11.8070374,MGHcB2g1,MGH,Gravelly_Sandy_Clay_Loam,3
76.57799088,11.80929754,MGHcB2g1,MGH,Gravelly_Sandy_Clay_Loam,3
76.57799254,11.81155768,MGHcB2g1,MGH,Gravelly_Sandy_Clay_Loam,3
76.5779942,11.81381783,BMBiB1,BMB,Clay,1
76.57799587,11.81607797,HGHiB1,HGH,Sandy_Clay_Loam,5
76.57799753,11.81833811,HDRcB1g1,HDR,Sandy_Clay_Loam,5
76.5779992,11.82059825,HDRcB1g1,HDR,Sandy_Clay_Loam,5
76.57800086,11.82285839,HDRcB1g1,HDR,Sandy_Clay_Loam,5
76.57800253,11.82511853,HDRcB1g1,HDR,Sandy_Clay_Loam,5
76.58023992,11.74827191,MGHhE2g1,MGH,Gravelly_Sandy_Clay_Loam,3
76.58024159,11.75053206,SPRcD2g1,SPR,Gravelly_Sandy_Clay_Loam,3
76.58024326,11.75279222,SPRcC2g1,SPR,Gravelly_Sandy_Clay_Loam,3
76.58024494,11.75505237,KLPhB1,KLP,Gravelly_Sandy_Clay_Loam,3
76.58024661,11.75731252,KLPhB1,KLP,Gravelly_Sandy_Clay_Loam,3
76.58024829,11.75957267,HPRcB1g1,HPR,Gravelly_Sandy_Clay_Loam,3
76.58024996,11.76183282,HPRcB1g1,HPR,Gravelly_Sandy_Clay_Loam,3
76.58025164,11.76409297,HGHmB1,HGH,Sandy_Clay_Loam,5
76.58025331,11.76635312,HGHmB1,HGH,Sandy_Clay_Loam,5
76.58025499,11.76861327,HGHmB1,HGH,Sandy_Clay_Loam,5
76.58025834,11.77313357,BMBiB2,BMB,Clay,1
76.58026002,11.77539371,BMBiB2,BMB,Clay,1
76.5802617,11.77765386,BMDhB1,BMD,Clay,1
76.58026337,11.77991401,BMDcB1g1,BMD,Clay,1
76.58026505,11.78217416,BMDcB1g1,BMD,Clay,1
76.58026673,11.7844343,BMDcB1g1,BMD,Clay,1
76.58026841,11.78669445,SPRiC2g1,SPR,Gravelly_Sandy_Clay_Loam,3
76.58028353,11.80703575,ARKbB2,ARK,Sandy_Clay,4
76.58028522,11.80929589,ARKbB2,ARK,Sandy_Clay,4
76.5802869,11.81155604,MGHcB2g1,MGH,Gravelly_Sandy_Clay_Loam,3
76.58028858,11.81381618,HGHiB1,HGH,Sandy_Clay_Loam,5
76.58029026,11.81607632,HGHiB1,HGH,Sandy_Clay_Loam,5
76.58029195,11.81833646,HDRcB1g1,HDR,Sandy_Clay_Loam,5
76.58029363,11.8205966,BMDcB2g1,BMD,Clay,1
76.58029532,11.82285674,BMDcB2g1,BMD,Clay,1
76.58044651,11.74290397,HDRiD3g2,HDR,Sandy_Clay_Loam,5
76.58044819,11.74516398,HDRiD3g2,HDR,Sandy_Clay_Loam,5
76.58044986,11.747424,MGHhE2g1,MGH,Gravelly_Sandy_Clay_Loam,3
76.58253375,11.74827025,MGHhE2g1,MGH,Gravelly_Sandy_Clay_Loam,3
76.58253544,11.75053041,SPRcD2g1,SPR,Gravelly_Sandy_Clay_Loam,3
76.58253714,11.75279056,SPRcC2g1,SPR,Gravelly_Sandy_Clay_Loam,3
76.58253883,11.75505071,HDRhB1,HDR,Sandy_Clay_Loam,5
76.58254052,11.75731086,BMBhB1,BMB,Clay,1
76.58254222,11.75957101,HPRcB1g1,HPR,Gravelly_Sandy_Clay_Loam,3
76.58254391,11.76183116,HPRcB1g1,HPR,Gravelly_Sandy_Clay_Loam,3
76.5825456,11.76409131,HGHmB1,HGH,Sandy_Clay_Loam,5
76.5825473,11.76635146,HGHmB1,HGH,Sandy_Clay_Loam,5
76.58254899,11.76861161,HGHmB1,HGH,Sandy_Clay_Loam,5
76.58255069,11.77087176,HGHmB1,HGH,Sandy_Clay_Loam,5
76.58255408,11.77539205,BMBiB2,BMB,Clay,1
76.58255577,11.7776522,BMBiB2,BMB,Clay,1
76.58255917,11.78217249,BMDcB1g1,BMD,Clay,1
76.58256086,11.78443264,BMDcB1g1,BMD,Clay,1
76.58257956,11.80929423,ARKbB2,ARK,Sandy_Clay,4
76.58258126,11.81155437,HPRcB1g1,HPR,Gravelly_Sandy_Clay_Loam,3
76.58258296,11.81381451,HGHiB1,HGH,Sandy_Clay_Loam,5
76.58258466,11.81607465,HDRcB1g1,HDR,Sandy_Clay_Loam,5
76.58258636,11.81833479,HDRcB1g1,HDR,Sandy_Clay_Loam,5
76.58258807,11.82059493,DRHcB2g1,DRH,Gravelly_Sandy_Clay_Loam,3
76.58258977,11.82285507,BMDcB2g1,BMD,Clay,1
76.58273833,11.7406423,KLPiC2,KLP,Gravelly_Sandy_Clay_Loam,3
76.58274002,11.74290231,KLPiC2,KLP,Gravelly_Sandy_Clay_Loam,3
76.58274172,11.74516233,HDRiC3g2,HDR,Sandy_Clay_Loam,5
76.58274341,11.74742234,MGHhE2g1,MGH,Gravelly_Sandy_Clay_Loam,3
76.5827451,11.74968235,SPRcD2g1,SPR,Gravelly_Sandy_Clay_Loam,3
76.5827468,11.75194236,SPRcC2g1,SPR,Gravelly_Sandy_Clay_Loam,3
76.5848293,11.75052873,MGHhE2g1,MGH,Gravelly_Sandy_Clay_Loam,3
76.58483101,11.75278888,ARKiB2,ARK,Sandy_Clay,4
76.58483272,11.75504903,ARKiB2,ARK,Sandy_Clay,4
76.58483443,11.75730918,BMBhB1,BMB,Clay,1
76.58483614,11.75956933,HPRhB1,HPR,Gravelly_Sandy_Clay_Loam,3
76.58483785,11.76182948,HPRhB1,HPR,Gravelly_Sandy_Clay_Loam,3
76.58483957,11.76408963,HGHmB1,HGH,Sandy_Clay_Loam,5
76.58484299,11.76860993,HGHmB1,HGH,Sandy_Clay_Loam,5
76.58484471,11.77087008,HGHmB1,HGH,Sandy_Clay_Loam,5
76.58484814,11.77539037,GPRhB2,GPR,Gravelly_Sandy_Clay_Loam,3
76.58484985,11.77765052,GPRhB2,GPR,Gravelly_Sandy_Clay_Loam,3
76.58485157,11.77991067,KNGcB1g1,KNG,Gravelly_Sandy_Clay_Loam,3
76.58485328,11.78217081,KNGcB1g1,KNG,Gravelly_Sandy_Clay_Loam,3
76.584855,11.78443096,BMDcB1g1,BMD,Clay,1
76.58487218,11.8070324,MGHbB1g1,MGH,Gravelly_Sandy_Clay_Loam,3
76.5848739,11.80929254,KNGcB1,KNG,Gravelly_Sandy_Clay_Loam,3
76.58487562,11.81155268,HPRcB1g1,HPR,Gravelly_Sandy_Clay_Loam,3
76.58487906,11.81607297,HPRbB1,HPR,Gravelly_Sandy_Clay_Loam,3
76.58488078,11.81833311,HPRbB1,HPR,Gravelly_Sandy_Clay_Loam,3
76.5848825,11.82059325,HPRhB1g1,HPR,Gravelly_Sandy_Clay_Loam,3
76.58488422,11.82285339,BMDcB1g1,BMD,Clay,1
76.58503011,11.73838061,DRHhC2g1,DRH,Gravelly_Sandy_Clay_Loam,3
76.58503182,11.74064062,DRHhC2g1,DRH,Gravelly_Sandy_Clay_Loam,3
76.58503353,11.74290064,GPRiC2g1,GPR,Gravelly_Sandy_Clay_Loam,3
76.58503524,11.74516065,HDRiC3g2,HDR,Sandy_Clay_Loam,5
76.58503695,11.74742066,HDRiD3g2,HDR,Sandy_Clay_Loam,5
76.58503867,11.74968067,MGHhE2g1,MGH,Gravelly_Sandy_Clay_Loam,3
76.58504038,11.75194068,ARKiB2,ARK,Sandy_Clay,4
76.58504209,11.7542007,ARKiB2,ARK,Sandy_Clay,4
76.58712661,11.75504734,ARKiB2,ARK,Sandy_Clay,4
76.5871318,11.76182779,HPRhB1,HPR,Gravelly_Sandy_Clay_Loam,3
76.58713353,11.76408793,HGHmB1,HGH,Sandy_Clay_Loam,5
76.58714046,11.77312853,BMBiB2,BMB,Clay,1
76.58714219,11.77538867,KLPhB2g1,KLP,Gravelly_Sandy_Clay_Loam,3
76.58714393,11.77764882,KLPhB2g1,KLP,Gravelly_Sandy_Clay_Loam,3
76.58714566,11.77990897,BMDcB1g1,BMD,Clay,1
76.5871474,11.78216911,BMDcB1g1,BMD,Clay,1
76.58714913,11.78442926,BMDcB2g1,BMD,Clay,1
76.58716824,11.80929084,KNGcB1,KNG,Gravelly_Sandy_Clay_Loam,3
76.58716998,11.81155098,KNGcB1,KNG,Gravelly_Sandy_Clay_Loam,3
76.58717693,11.82059154,HPRbB2g1,HPR,Gravelly_Sandy_Clay_Loam,3
76.58717867,11.82285168,BMDcB1g1,BMD,Clay,1
76.58718041,11.82511182,BMDcC2g1,BMD,Clay,1
76.58718216,11.82737196,BMDcC2g1,BMD,Clay,1
76.58731985,11.76323665,HGHmB1,HGH,Sandy_Clay_Loam,5
76.58732185,11.7361189,DRHhC2g1,DRH,Gravelly_Sandy_Clay_Loam,3
76.58732358,11.73837891,DRHhC2g1,DRH,Gravelly_Sandy_Clay_Loam,3
76.58732531,11.74063893,DRHhC2g1,DRH,Gravelly_Sandy_Clay_Loam,3
76.58732704,11.74289894,GPRiC2g1,GPR,Gravelly_Sandy_Clay_Loam,3
76.58732877,11.74515895,HDRiC3g2,HDR,Sandy_Clay_Loam,5
76.5873305,11.74741897,HDRhB2g1,HDR,Sandy_Clay_Loam,5
76.58733223,11.74967898,HDRhB2g1,HDR,Sandy_Clay_Loam,5
76.58733396,11.75193899,GPRiB1,GPR,Gravelly_Sandy_Clay_Loam,3
76.58733569,11.754199,ARKiB2,ARK,Sandy_Clay,4
76.58733742,11.75645901,ARKiB2,ARK,Sandy_Clay,4
76.58734089,11.76097903,HPRhB1,HPR,Gravelly_Sandy_Clay_Loam,3
76.58863736,11.82541855,BMDcC2g1,BMD,Clay,1
76.58863912,11.82767855,BMDhC2g2St1,BMD,Clay,1
76.58942575,11.76182607,HGHmB1,HGH,Sandy_Clay_Loam,5
76.5894275,11.76408622,HGHmB1,HGH,Sandy_Clay_Loam,5
76.5894345,11.77312681,BMBiB2,BMB,Clay,1
76.58943625,11.77538696,BMBiB2,BMB,Clay,1
76.58943801,11.7776471,KLPhB2g1,KLP,Gravelly_Sandy_Clay_Loam,3
76.58943976,11.77990725,BMDiB1,BMD,Clay,1
76.58944151,11.7821674,BMDcB2g1,BMD,Clay,1
76.58946433,11.81154926,BMDcB2g1,BMD,Clay,1
76.58947137,11.82058982,HPRbB2g1,HPR,Gravelly_Sandy_Clay_Loam,3
76.58947313,11.82284996,BMDcB1g1,BMD,Clay,1
76.58947489,11.8251101,BMDcC2g1,BMD,Clay,1
76.5896153,11.73611719,ARKmB1g1,ARK,Sandy_Clay,4
76.58961705,11.7383772,DRHhC2g1,DRH,Gravelly_Sandy_Clay_Loam,3
76.5896188,11.74063721,HDRhC1g1,HDR,Sandy_Clay_Loam,5
76.58962055,11.74289723,HDRhC1g1,HDR,Sandy_Clay_Loam,5
76.58962229,11.74515724,GPRiC2g1,GPR,Gravelly_Sandy_Clay_Loam,3
76.58962404,11.74741725,HDRhB2g1,HDR,Sandy_Clay_Loam,5
76.58962579,11.74967726,KDHiB1,KDH,Sandy_Clay,4
76.58962754,11.75193727,GPRiB1,GPR,Gravelly_Sandy_Clay_Loam,3
76.58962929,11.75419728,GPRiB1,GPR,Gravelly_Sandy_Clay_Loam,3
76.58963104,11.75645729,KLPiB1,KLP,Gravelly_Sandy_Clay_Loam,3
76.58963279,11.7587173,HGHmB1,HGH,Sandy_Clay_Loam,5
76.58963454,11.76097731,HGHmB1,HGH,Sandy_Clay_Loam,5
76.59092978,11.82315682,HPRbB2g1,HPR,Gravelly_Sandy_Clay_Loam,3
76.59093155,11.82541682,BMDcC2g1,BMD,Clay,1
76.59171969,11.76182434,HGHmB1,HGH,Sandy_Clay_Loam,5
76.59172146,11.76408449,HGHmB1,HGH,Sandy_Clay_Loam,5
76.591725,11.76860478,BMBiB2,BMB,Clay,1
76.59172677,11.77086493,KNGcB2g1,KNG,Gravelly_Sandy_Clay_Loam,3
76.59172854,11.77312507,HDRcB1g1,HDR,Sandy_Clay_Loam,5
76.59173031,11.77538522,HDRcB1g1,HDR,Sandy_Clay_Loam,5
76.59173208,11.77764537,MDHbB2g1,MDH,Gravelly_Sandy_Clay,2
76.59173563,11.78216566,HPRhB1g1,HPR,Gravelly_Sandy_Clay_Loam,3
76.5917374,11.7844258,KNGiB2g1,KNG,Gravelly_Sandy_Clay_Loam,3
76.59190699,11.73385544,ARKmB1g1,ARK,Sandy_Clay,4
76.59190699,11.73385544,ARKmB1g1,ARK,Sandy_Clay,4
76.59190875,11.73611546,ARKmB1g1,ARK,Sandy_Clay,4
76.59190875,11.73611546,ARKmB1g1,ARK,Sandy_Clay,4
76.59191052,11.73837547,ARKmB1g1,ARK,Sandy_Clay,4
76.59191229,11.74063548,ARKiB1,ARK,Sandy_Clay,4
76.59191405,11.74289549,ARKiB1,ARK,Sandy_Clay,4
76.59191582,11.74515551,ARKiB1,ARK,Sandy_Clay,4
76.59191759,11.74741552,HDRhC2g2,HDR,Sandy_Clay_Loam,5
76.59191936,11.74967553,KDHiB1,KDH,Sandy_Clay,4
76.59192112,11.75193554,KDHiB1,KDH,Sandy_Clay,4
76.59192289,11.75419555,KDHiB1,KDH,Sandy_Clay,4
76.59192466,11.75645556,KLPiB1,KLP,Gravelly_Sandy_Clay_Loam,3
76.59192643,11.75871557,HGHmB1,HGH,Sandy_Clay_Loam,5
76.5919282,11.76097558,HGHmB1,HGH,Sandy_Clay_Loam,5
76.59320428,11.79829505,BMDbB2g2,BMD,Clay,1
76.59320607,11.80055506,BMDbB2g2,BMD,Clay,1
76.59321501,11.81185507,BMDcB2g1,BMD,Clay,1
76.5932168,11.81411507,HGHbB2g1,HGH,Sandy_Clay_Loam,5
76.59321859,11.81637507,BRGmB1,BRG,Clay,1
76.59322038,11.81863507,KDHhB1g1,KDH,Sandy_Clay,4
76.59322217,11.82089507,HGHhB2g1,HGH,Sandy_Clay_Loam,5
76.59322396,11.82315507,HGHhB2g1,HGH,Sandy_Clay_Loam,5
76.59322575,11.82541506,KDHiB2g2,KDH,Sandy_Clay,4
76.59401364,11.76182259,HGHmB1,HGH,Sandy_Clay_Loam,5
76.59401543,11.76408273,HGHmB1,HGH,Sandy_Clay_Loam,5
76.594019,11.76860303,HDRcB2g1,HDR,Sandy_Clay_Loam,5
76.59402079,11.77086317,KNGcB2g1,KNG,Gravelly_Sandy_Clay_Loam,3
76.59402258,11.77312332,HDRcB1g1,HDR,Sandy_Clay_Loam,5
76.59402437,11.77538347,HDRcB1g1,HDR,Sandy_Clay_Loam,5
76.59402795,11.77990376,HPRhB1g1,HPR,Gravelly_Sandy_Clay_Loam,3
76.59402974,11.7821639,HPRhB1g1,HPR,Gravelly_Sandy_Clay_Loam,3
76.59403153,11.78442405,KNGiB2g1,KNG,Gravelly_Sandy_Clay_Loam,3
76.59419685,11.72933367,HGHcB1g1,HGH,Sandy_Clay_Loam,5
76.59419685,11.72933367,HGHcB1g1,HGH,Sandy_Clay_Loam,5
76.59419863,11.73159368,HGHcB1g1,HGH,Sandy_Clay_Loam,5
76.59419863,11.73159368,HGHcB1g1,HGH,Sandy_Clay_Loam,5
76.59420042,11.73385369,ARKmB1g1,ARK,Sandy_Clay,4
76.59420042,11.73385369,ARKmB1g1,ARK,Sandy_Clay,4
76.5942022,11.73611371,ARKmB1g1,ARK,Sandy_Clay,4
76.5942022,11.73611371,ARKmB1g1,ARK,Sandy_Clay,4
76.59420399,11.73837372,ARKiB1,ARK,Sandy_Clay,4
76.59420577,11.74063373,ARKiB1,ARK,Sandy_Clay,4
76.59420756,11.74289374,ARKiB1,ARK,Sandy_Clay,4
76.59420935,11.74515376,ARKiB1,ARK,Sandy_Clay,4
76.59421113,11.74741377,KLPhB1,KLP,Gravelly_Sandy_Clay_Loam,3
76.59421292,11.74967378,HDRhC2g2,HDR,Sandy_Clay_Loam,5
76.59421471,11.75193379,KLPhB1,KLP,Gravelly_Sandy_Clay_Loam,3
76.59421649,11.7541938,KLPiB1,KLP,Gravelly_Sandy_Clay_Loam,3
76.59421828,11.75645381,KLPiB1,KLP,Gravelly_Sandy_Clay_Loam,3
76.59422007,11.75871382,KLPiB1,KLP,Gravelly_Sandy_Clay_Loam,3
76.59549464,11.79377328,BMDcC2g1,BMD,Clay,1
76.59549644,11.79603328,DRHhB2g2,DRH,Gravelly_Sandy_Clay_Loam,3
76.59549825,11.79829328,BMDcC2g1,BMD,Clay,1
76.59550005,11.80055329,BMDbB2g2,BMD,Clay,1
76.59550186,11.80281329,DRHhB2g1,DRH,Gravelly_Sandy_Clay_Loam,3
76.59550367,11.80507329,DRHhB2g1,DRH,Gravelly_Sandy_Clay_Loam,3
76.59550547,11.80733329,HGHiC2g2,HGH,Sandy_Clay_Loam,5
76.59550728,11.80959329,BRGhB2g2,BRG,Clay,1
76.59550909,11.81185329,HGHcB2g1R1,HGH,Sandy_Clay_Loam,5
76.59551089,11.81411329,HGHcB2g1R1,HGH,Sandy_Clay_Loam,5
76.5955127,11.81637329,BRGmB1,BRG,Clay,1
76.59551451,11.81863329,BRGmB1,BRG,Clay,1
76.59551813,11.82315329,KDHiB2g2,KDH,Sandy_Clay,4
76.59630578,11.75956067,KDHhB1,KDH,Sandy_Clay,4
76.5963112,11.76634111,HDRcB2g1,HDR,Sandy_Clay_Loam,5
76.59648844,11.72707189,HGHmB1g1,HGH,Sandy_Clay_Loam,5
76.59648844,11.72707189,HGHmB1g1,HGH,Sandy_Clay_Loam,5
76.59649024,11.7293319,HGHmB1g1,HGH,Sandy_Clay_Loam,5
76.59649024,11.7293319,HGHmB1g1,HGH,Sandy_Clay_Loam,5
76.59649205,11.73159191,HGHmB1g1,HGH,Sandy_Clay_Loam,5
76.59649205,11.73159191,HGHmB1g1,HGH,Sandy_Clay_Loam,5
76.59649385,11.73385193,ARKmB1g1,ARK,Sandy_Clay,4
76.59649385,11.73385193,ARKmB1g1,ARK,Sandy_Clay,4
76.59649565,11.73611194,ARKmB1g1,ARK,Sandy_Clay,4
76.59649565,11.73611194,ARKmB1g1,ARK,Sandy_Clay,4
76.59649746,11.73837195,ARKiB1,ARK,Sandy_Clay,4
76.59649926,11.74063196,ARKiB1,ARK,Sandy_Clay,4
76.59650106,11.74289198,ARKiB1,ARK,Sandy_Clay,4
76.59650287,11.74515199,ARKiB1,ARK,Sandy_Clay,4
76.59650467,11.747412,KLPhB1,KLP,Gravelly_Sandy_Clay_Loam,3
76.5965119,11.75645204,KDHiB1,KDH,Sandy_Clay,4
76.59651371,11.75871205,KDHhB1,KDH,Sandy_Clay,4
76.59778492,11.78925148,HPRiC2g1,HPR,Gravelly_Sandy_Clay_Loam,3
76.59778674,11.79151149,HPRiC2g1,HPR,Gravelly_Sandy_Clay_Loam,3
76.59778857,11.79377149,BMDcC2g1,BMD,Clay,1
76.59779039,11.79603149,SPRhB2g2,SPR,Gravelly_Sandy_Clay_Loam,3
76.59779221,11.7982915,DRHhB2g1,DRH,Gravelly_Sandy_Clay_Loam,3
76.59779404,11.8005515,BMDbB2g1,BMD,Clay,1
76.59779586,11.8028115,BMDbB2g1,BMD,Clay,1
76.59779769,11.8050715,BMDbB2g1,BMD,Clay,1
76.59779951,11.8073315,BRGhB1g1,BRG,Clay,1
76.59780134,11.8095915,BRGmB2g1,BRG,Clay,1
76.59780316,11.8118515,HPRhB2g1,HPR,Gravelly_Sandy_Clay_Loam,3
76.59780499,11.8141115,BMBmB1,BMB,Clay,1
76.59780864,11.8186315,BRGmB1,BRG,Clay,1
76.59781047,11.8208915,BMBmB1,BMB,Clay,1
76.5978123,11.8231515,HGHbB2g1,HGH,Sandy_Clay_Loam,5
76.5986009,11.75954423,KDHhB1,KDH,Sandy_Clay,4
76.59878182,11.7270701,HGHmB2g2,HGH,Sandy_Clay_Loam,5
76.59878182,11.7270701,HGHmB2g2,HGH,Sandy_Clay_Loam,5
76.59878364,11.72933012,HGHmB1g1,HGH,Sandy_Clay_Loam,5
76.59878364,11.72933012,HGHmB1g1,HGH,Sandy_Clay_Loam,5
76.59878546,11.73159013,BMBmB1,BMB,Clay,1
76.59878546,11.73159013,BMBmB1,BMB,Clay,1
76.59878728,11.73385014,BMBmA1g1,BMB,Clay,1
76.59878728,11.73385014,BMBmA1g1,BMB,Clay,1
76.5987891,11.73611015,ARKmB1g1,ARK,Sandy_Clay,4
76.5987891,11.73611015,ARKmB1g1,ARK,Sandy_Clay,4
76.59879093,11.73837017,ARKiB1,ARK,Sandy_Clay,4
76.59879275,11.74063018,ARKiB1,ARK,Sandy_Clay,4
76.59879457,11.74289019,ARKiB1,ARK,Sandy_Clay,4
76.59879822,11.74741021,DRHhB1,DRH,Gravelly_Sandy_Clay_Loam,3
76.59880552,11.75645025,GPRhB1g1,GPR,Gravelly_Sandy_Clay_Loam,3
76.59880734,11.75871026,KDHhB1,KDH,Sandy_Clay,4
76.60008065,11.79150968,HPRiC2g1,HPR,Gravelly_Sandy_Clay_Loam,3
76.6000825,11.79376969,HPRiC2g1,HPR,Gravelly_Sandy_Clay_Loam,3
76.60008434,11.79602969,HPRiC2g1,HPR,Gravelly_Sandy_Clay_Loam,3
76.60008618,11.79828969,SPRhB2g2,SPR,Gravelly_Sandy_Clay_Loam,3
76.60008802,11.80054969,KDHmB1,KDH,Sandy_Clay,4
76.60008987,11.80280969,KDHmB1,KDH,Sandy_Clay,4
76.60009171,11.80506969,KDHhB1,KDH,Sandy_Clay,4
76.60009355,11.8073297,KDHhB1,KDH,Sandy_Clay,4
76.6000954,11.8095897,KNGiB1g1,KNG,Gravelly_Sandy_Clay_Loam,3
76.60009724,11.8118497,KNGiB1g1,KNG,Gravelly_Sandy_Clay_Loam,3
76.60009909,11.8141097,BRGmB1,BRG,Clay,1
76.60010093,11.8163697,BMBmB1,BMB,Clay,1
76.60010278,11.81862969,BMBmB1,BMB,Clay,1
76.60010462,11.82088969,BMBmB1,BMB,Clay,1
76.60107519,11.7270683,HGHmB2g2,HGH,Sandy_Clay_Loam,5
76.60107703,11.72932831,BMBmB1,BMB,Clay,1
76.60107887,11.73158832,BMBmB1,BMB,Clay,1
76.60108071,11.73384834,BMBmB1,BMB,Clay,1
76.60108255,11.73610835,BMBmB1,BMB,Clay,1
76.60108255,11.73610835,BMBmB1,BMB,Clay,1
76.60108439,11.73836836,ARKiB1,ARK,Sandy_Clay,4
76.60108623,11.74062837,ARKiB1,ARK,Sandy_Clay,4
76.60108808,11.74288838,ARKiB1,ARK,Sandy_Clay,4
76.60108992,11.74514839,ARKiB1,ARK,Sandy_Clay,4
76.60109176,11.7474084,MDHiB1,MDH,Gravelly_Sandy_Clay,2
76.6010936,11.74966841,DRHhB1,DRH,Gravelly_Sandy_Clay_Loam,3
76.60109545,11.75192842,HDRcC2g1,HDR,Sandy_Clay_Loam,5
76.60109729,11.75418843,HDRcC2g1,HDR,Sandy_Clay_Loam,5
76.60237642,11.79376786,HPRiC2g1,HPR,Gravelly_Sandy_Clay_Loam,3
76.60237828,11.79602786,HPRiC2g1,HPR,Gravelly_Sandy_Clay_Loam,3
76.60238014,11.79828787,SPRhB2g2,SPR,Gravelly_Sandy_Clay_Loam,3
76.60238201,11.80054787,SPRhB2g2,SPR,Gravelly_Sandy_Clay_Loam,3
76.60238387,11.80280787,SPRcB2g1,SPR,Gravelly_Sandy_Clay_Loam,3
76.60238573,11.80506787,SPRhB2g2,SPR,Gravelly_Sandy_Clay_Loam,3
76.60238759,11.80732787,SPRhB2g2,SPR,Gravelly_Sandy_Clay_Loam,3
76.60238946,11.80958787,KNGiB1g1,KNG,Gravelly_Sandy_Clay_Loam,3
76.60239132,11.81184787,KNGiB1g1,KNG,Gravelly_Sandy_Clay_Loam,3
76.60239318,11.81410787,KNGiB1g1,KNG,Gravelly_Sandy_Clay_Loam,3
76.60239505,11.81636787,BRGmB2g1,BRG,Clay,1
76.60239691,11.81862787,BMBmB1,BMB,Clay,1
76.60239878,11.82088786,BMBmB1,BMB,Clay,1
76.60336857,11.72706648,MDHhC2g1,MDH,Gravelly_Sandy_Clay,2
76.60337042,11.72932649,MDHhC2g1,MDH,Gravelly_Sandy_Clay,2
76.60337228,11.7315865,ARKmB2,ARK,Sandy_Clay,4
76.60337414,11.73384651,ARKmB2,ARK,Sandy_Clay,4
76.603376,11.73610653,ARKmB2,ARK,Sandy_Clay,4
76.60337972,11.74062655,ARKiB1,ARK,Sandy_Clay,4
76.60338158,11.74288656,ARKmB1,ARK,Sandy_Clay,4
76.60338344,11.74514657,ARKmB1,ARK,Sandy_Clay,4
76.6033853,11.74740658,MDHiB1,MDH,Gravelly_Sandy_Clay,2
76.60338716,11.74966659,MDHiB1,MDH,Gravelly_Sandy_Clay,2
76.60467223,11.79602602,HPRiC2g1,HPR,Gravelly_Sandy_Clay_Loam,3
76.60467411,11.79828602,KNGiC2g2,KNG,Gravelly_Sandy_Clay_Loam,3
76.60467599,11.80054602,KNGiC2g2,KNG,Gravelly_Sandy_Clay_Loam,3
76.60467787,11.80280602,SPRhB2g2St1R1,SPR,Gravelly_Sandy_Clay_Loam,3
76.60467975,11.80506603,SPRhB2g2St1R1,SPR,Gravelly_Sandy_Clay_Loam,3
76.60468163,11.80732603,HGHhB1g1,HGH,Sandy_Clay_Loam,5
76.60468351,11.80958602,HGHhB1g1,HGH,Sandy_Clay_Loam,5
76.6046854,11.81184602,KNGiB1g1,KNG,Gravelly_Sandy_Clay_Loam,3
76.60468916,11.81636602,BRGhB2g2St1,BRG,Clay,1
76.60469105,11.81862602,BMBmB1,BMB,Clay,1
76.60566194,11.72706464,KLPcB1g1,KLP,Gravelly_Sandy_Clay_Loam,3
76.60566382,11.72932465,MDHhC2g1,MDH,Gravelly_Sandy_Clay,2
76.60566569,11.73158466,HDRhC2g2,HDR,Sandy_Clay_Loam,5
76.60566757,11.73384467,KLPiB1,KLP,Gravelly_Sandy_Clay_Loam,3
76.60566945,11.73610468,KLPiB1,KLP,Gravelly_Sandy_Clay_Loam,3
76.60567133,11.73836469,BMBmB1,BMB,Clay,1
76.60567321,11.7406247,BMBmB1,BMB,Clay,1
76.60567509,11.74288472,BMBmB1,BMB,Clay,1
76.60567885,11.74740473,HDRhB2g1,HDR,Sandy_Clay_Loam,5
76.60568287,11.74738293,HDRhB2g1,HDR,Sandy_Clay_Loam,5
76.60696997,11.80054416,KNGiC2g2,KNG,Gravelly_Sandy_Clay_Loam,3
76.60697187,11.80280416,KNGiC2g2,KNG,Gravelly_Sandy_Clay_Loam,3
76.60697377,11.80506416,MGHiC2g1,MGH,Gravelly_Sandy_Clay_Loam,3
76.60697567,11.80732416,HGHhB2g2R1,HGH,Sandy_Clay_Loam,5
76.60697757,11.80958416,KNGiB1g1,KNG,Gravelly_Sandy_Clay_Loam,3
76.60697947,11.81184416,HPRhB2g2St1R1,HPR,Gravelly_Sandy_Clay_Loam,3
76.60698137,11.81410416,HPRhB2g2St1R1,HPR,Gravelly_Sandy_Clay_Loam,3
76.60698328,11.81636416,BRGhB2g2St1,BRG,Clay,1
76.60795531,11.72706278,BMBmA1,BMB,Clay,1
76.60795721,11.72932279,MGHhC2g1,MGH,Gravelly_Sandy_Clay_Loam,3
76.60795911,11.7315828,HDRiC2g1,HDR,Sandy_Clay_Loam,5
76.607961,11.73384281,DRHiB1g1,DRH,Gravelly_Sandy_Clay_Loam,3
76.6079629,11.73610282,KLPiB1,KLP,Gravelly_Sandy_Clay_Loam,3
76.6079648,11.73836283,HPRiB1,HPR,Gravelly_Sandy_Clay_Loam,3
76.60796669,11.74062284,HPRiB1,HPR,Gravelly_Sandy_Clay_Loam,3
76.60797049,11.74514286,KNGiB2g2,KNG,Gravelly_Sandy_Clay_Loam,3
76.60926587,11.80280228,MDHhD3g2St1R2,MDH,Gravelly_Sandy_Clay,2
76.60926779,11.80506228,MDHhD3g2St1R2,MDH,Gravelly_Sandy_Clay,2
76.60926971,11.80732228,KNGiB1g1,KNG,Gravelly_Sandy_Clay_Loam,3
76.60927163,11.80958228,HPRhB2g2St1R1,HPR,Gravelly_Sandy_Clay_Loam,3
76.60927355,11.81184228,HPRhB2g2St1R1,HPR,Gravelly_Sandy_Clay_Loam,3
76.6102506,11.72932091,DRHhC2g1,DRH,Gravelly_Sandy_Clay_Loam,3
76.61025252,11.73158092,HDRiC2g1,HDR,Sandy_Clay_Loam,5
76.61025443,11.73384094,DRHiB1g1,DRH,Gravelly_Sandy_Clay_Loam,3
76.61025635,11.73610095,HPRiB1,HPR,Gravelly_Sandy_Clay_Loam,3
76.61025826,11.73836096,HPRiB1,HPR,Gravelly_Sandy_Clay_Loam,3
76.61026018,11.74062097,HPRiB1,HPR,Gravelly_Sandy_Clay_Loam,3
76.61026209,11.74288097,BMBmB2,BMB,Clay,1
76.61026401,11.74514098,KNGiB2g2,KNG,Gravelly_Sandy_Clay_Loam,3
76.61029281,11.77904108,DRHcB1g1,DRH,Gravelly_Sandy_Clay_Loam,3
76.61029473,11.78130108,DRHcB1g1,DRH,Gravelly_Sandy_Clay_Loam,3
76.61029666,11.78356108,MGHcB2g2,MGH,Gravelly_Sandy_Clay_Loam,3
76.61029858,11.78582108,MGHcB2g2,MGH,Gravelly_Sandy_Clay_Loam,3
76.61030051,11.78808109,MGHcB2g2,MGH,Gravelly_Sandy_Clay_Loam,3
76.61156181,11.80506038,MGHiC2g1,MGH,Gravelly_Sandy_Clay_Loam,3
76.61156375,11.80732038,MGHiC2g1,MGH,Gravelly_Sandy_Clay_Loam,3
76.61156569,11.80958038,HPRhB2g2St1R1,HPR,Gravelly_Sandy_Clay_Loam,3
76.61254399,11.72931902,DRHhC2g1,DRH,Gravelly_Sandy_Clay_Loam,3
76.61254593,11.73157903,KLPhB2g1,KLP,Gravelly_Sandy_Clay_Loam,3
76.61254786,11.73383904,KLPhB2g1,KLP,Gravelly_Sandy_Clay_Loam,3
76.61254979,11.73609905,HGHiB1g1,HGH,Sandy_Clay_Loam,5
76.61255173,11.73835906,HGHiB1g1,HGH,Sandy_Clay_Loam,5
76.61255366,11.74061907,BMBmB2,BMB,Clay,1
76.61255753,11.74513909,KNGiB2g2,KNG,Gravelly_Sandy_Clay_Loam,3
76.61255947,11.74739909,HDRiC2g3,HDR,Sandy_Clay_Loam,5
76.61257109,11.76095914,HGHhB1,HGH,Sandy_Clay_Loam,5
76.61257303,11.76321914,BMBiA1,BMB,Clay,1
76.61257497,11.76547915,HGHmA1,HGH,Sandy_Clay_Loam,5
76.61257691,11.76773915,HGHmA1,HGH,Sandy_Clay_Loam,5
76.61258467,11.77677917,KLPhB1,KLP,Gravelly_Sandy_Clay_Loam,3
76.61258661,11.77903917,DRHcB1g1,DRH,Gravelly_Sandy_Clay_Loam,3
76.61258856,11.78129917,DRHcB1g1,DRH,Gravelly_Sandy_Clay_Loam,3
76.6125905,11.78355918,MGHcB2g2,MGH,Gravelly_Sandy_Clay_Loam,3
76.61259244,11.78581918,SPRcB2g1,SPR,Gravelly_Sandy_Clay_Loam,3
76.61259438,11.78807918,SPRcB2g1,SPR,Gravelly_Sandy_Clay_Loam,3
76.61385583,11.80505846,MDHhD3g2St1R2,MDH,Gravelly_Sandy_Clay,2
76.61483738,11.7293171,DRHhC2g1,DRH,Gravelly_Sandy_Clay_Loam,3
76.61483934,11.73157711,KLPhB2,KLP,Gravelly_Sandy_Clay_Loam,3
76.61484129,11.73383712,HGHiB1g1,HGH,Sandy_Clay_Loam,5
76.61484519,11.73835714,HGHiB1g1,HGH,Sandy_Clay_Loam,5
76.61484715,11.74061715,BMBmB2,BMB,Clay,1
76.6148491,11.74287716,BMBmB2,BMB,Clay,1
76.61485106,11.74513717,KLPiB2g1,KLP,Gravelly_Sandy_Clay_Loam,3
76.61485301,11.74739718,HDRiC2g3,HDR,Sandy_Clay_Loam,5
76.61485496,11.74965718,KNGcB1g2,KNG,Gravelly_Sandy_Clay_Loam,3
76.61486083,11.7564372,KNGcB1g2,KNG,Gravelly_Sandy_Clay_Loam,3
76.61486279,11.75869721,HDRbB1g1,HDR,Sandy_Clay_Loam,5
76.61486475,11.76095722,HGHhB1,HGH,Sandy_Clay_Loam,5
76.6148667,11.76321722,HGHhB1,HGH,Sandy_Clay_Loam,5
76.61486866,11.76547723,BMBiA1,BMB,Clay,1
76.61487062,11.76773723,BMBiA1,BMB,Clay,1
76.61487258,11.76999724,BMBiA1,BMB,Clay,1
76.61487454,11.77225724,BMBiA1,BMB,Clay,1
76.61487846,11.77677725,KLPhB1,KLP,Gravelly_Sandy_Clay_Loam,3
76.61488042,11.77903725,KLPhB1,KLP,Gravelly_Sandy_Clay_Loam,3
76.61488238,11.78129725,KLPcB2g1,KLP,Gravelly_Sandy_Clay_Loam,3
76.61488434,11.78355725,SPRcB2g1,SPR,Gravelly_Sandy_Clay_Loam,3
76.6148863,11.78581725,SPRcB2g1,SPR,Gravelly_Sandy_Clay_Loam,3
76.61488826,11.78807726,KLPhB1g1,KLP,Gravelly_Sandy_Clay_Loam,3
76.61713077,11.72931517,DRHbC2g1,DRH,Gravelly_Sandy_Clay_Loam,3
76.61713275,11.73157518,KLPhB2,KLP,Gravelly_Sandy_Clay_Loam,3
76.61713472,11.73383519,MGHcC2,MGH,Gravelly_Sandy_Clay_Loam,3
76.61713669,11.7360952,MGHcB1g1,MGH,Gravelly_Sandy_Clay_Loam,3
76.61713866,11.73835521,MGHcB1g1,MGH,Gravelly_Sandy_Clay_Loam,3
76.61714063,11.74061522,BMBmB2,BMB,Clay,1
76.61714458,11.74513523,KLPiB2g1,KLP,Gravelly_Sandy_Clay_Loam,3
76.61714655,11.74739524,KNGhB1g2,KNG,Gravelly_Sandy_Clay_Loam,3
76.61714852,11.74965525,KNGcB1g2,KNG,Gravelly_Sandy_Clay_Loam,3
76.6171505,11.75191526,SPRbC2g2,SPR,Gravelly_Sandy_Clay_Loam,3
76.61715247,11.75417526,SPRbC2g2,SPR,Gravelly_Sandy_Clay_Loam,3
76.61715445,11.75643527,KNGcB1g2,KNG,Gravelly_Sandy_Clay_Loam,3
76.61715642,11.75869527,HDRbB1g1,HDR,Sandy_Clay_Loam,5
76.6171584,11.76095528,HDRbB1g1,HDR,Sandy_Clay_Loam,5
76.61716037,11.76321528,HDRhB1,HDR,Sandy_Clay_Loam,5
76.61716235,11.76547529,MGHhB1g1,MGH,Gravelly_Sandy_Clay_Loam,3
76.61716433,11.76773529,BMBiA1,BMB,Clay,1
76.61716631,11.7699953,BMBiA1,BMB,Clay,1
76.61716828,11.7722553,BMBiA1,BMB,Clay,1
76.61717026,11.7745153,HPRhB1g1,HPR,Gravelly_Sandy_Clay_Loam,3
76.61717224,11.77677531,HPRhB1g1,HPR,Gravelly_Sandy_Clay_Loam,3
76.61717375,11.74966076,KNGcB1g2,KNG,Gravelly_Sandy_Clay_Loam,3
76.61717422,11.77903531,KLPhB1,KLP,Gravelly_Sandy_Clay_Loam,3
76.6171762,11.78129531,KLPiB1,KLP,Gravelly_Sandy_Clay_Loam,3
76.61717818,11.78355531,SPRcB2g1,SPR,Gravelly_Sandy_Clay_Loam,3
76.61718016,11.78581531,KLPhB1g1,KLP,Gravelly_Sandy_Clay_Loam,3
76.61718214,11.78807531,KLPhB1g1,KLP,Gravelly_Sandy_Clay_Loam,3
76.61942417,11.72931322,DRHbC2g1,DRH,Gravelly_Sandy_Clay_Loam,3
76.61942615,11.73157323,MGHcC2,MGH,Gravelly_Sandy_Clay_Loam,3
76.61942814,11.73383324,MGHcC2,MGH,Gravelly_Sandy_Clay_Loam,3
76.61943013,11.73609325,MGHcB1g1,MGH,Gravelly_Sandy_Clay_Loam,3
76.61943212,11.73835326,MGHcB1g1,MGH,Gravelly_Sandy_Clay_Loam,3
76.61943411,11.74061327,BMBmB2,BMB,Clay,1
76.61943611,11.74287327,KLPiB2g1,KLP,Gravelly_Sandy_Clay_Loam,3
76.6194381,11.74513328,KNGhB1g2,KNG,Gravelly_Sandy_Clay_Loam,3
76.61944009,11.74739329,KNGhB1g2,KNG,Gravelly_Sandy_Clay_Loam,3
76.61944208,11.74965329,KNGcB1g2,KNG,Gravelly_Sandy_Clay_Loam,3
76.61944407,11.7519133,KNGcB1g2,KNG,Gravelly_Sandy_Clay_Loam,3
76.61944607,11.75417331,SPRbC2g2,SPR,Gravelly_Sandy_Clay_Loam,3
76.61945205,11.76095332,HPRhB1g1,HPR,Gravelly_Sandy_Clay_Loam,3
76.61945405,11.76321333,HDRhB1,HDR,Sandy_Clay_Loam,5
76.61945604,11.76547333,MGHhB1g1,MGH,Gravelly_Sandy_Clay_Loam,3
76.61945804,11.76773333,MGHhB1g1,MGH,Gravelly_Sandy_Clay_Loam,3
76.61946003,11.76999334,MGHbB1g1,MGH,Gravelly_Sandy_Clay_Loam,3
76.61946203,11.77225334,BMBiA1,BMB,Clay,1
76.61946403,11.77451334,BMBiA1,BMB,Clay,1
76.61946602,11.77677335,BMBiA1,BMB,Clay,1
76.61946802,11.77903335,BMBiA1,BMB,Clay,1
76.61947002,11.78129335,KLPhB1g1,KLP,Gravelly_Sandy_Clay_Loam,3
76.61947202,11.78355335,MGHcB1g1,MGH,Gravelly_Sandy_Clay_Loam,3
76.61947402,11.78581335,MGHcB1g1,MGH,Gravelly_Sandy_Clay_Loam,3
76.62171756,11.72931125,GPRhB1g1,GPR,Gravelly_Sandy_Clay_Loam,3
76.62171956,11.73157126,KLPcB1g1,KLP,Gravelly_Sandy_Clay_Loam,3
76.62172157,11.73383127,KNGbB1g1,KNG,Gravelly_Sandy_Clay_Loam,3
76.62172358,11.73609128,KNGbB1g1,KNG,Gravelly_Sandy_Clay_Loam,3
76.62172559,11.73835129,KNGbB1g1,KNG,Gravelly_Sandy_Clay_Loam,3
76.6217276,11.74061129,HGHiB2,HGH,Sandy_Clay_Loam,5
76.62172961,11.7428713,BMBmB1,BMB,Clay,1
76.62173162,11.74513131,MGHhB1g1,MGH,Gravelly_Sandy_Clay_Loam,3
76.62173363,11.74739131,KNGhB1g2,KNG,Gravelly_Sandy_Clay_Loam,3
76.62173564,11.74965132,KNGhB1g2,KNG,Gravelly_Sandy_Clay_Loam,3
76.62173765,11.75191133,KNGcB1g2,KNG,Gravelly_Sandy_Clay_Loam,3
76.62173966,11.75417133,KNGcB1g2,KNG,Gravelly_Sandy_Clay_Loam,3
76.62174168,11.75643134,HDRcC2g2,HDR,Sandy_Clay_Loam,5
76.62174369,11.75869134,HDRcC2g2,HDR,Sandy_Clay_Loam,5
76.62174772,11.76321135,HPRhB1g1,HPR,Gravelly_Sandy_Clay_Loam,3
76.62174973,11.76547136,MGHbB1g1,MGH,Gravelly_Sandy_Clay_Loam,3
76.62175174,11.76773136,MGHbB1g1,MGH,Gravelly_Sandy_Clay_Loam,3
76.62175376,11.76999136,MGHbB1g1,MGH,Gravelly_Sandy_Clay_Loam,3
76.62175577,11.77225136,DRHcB1,DRH,Gravelly_Sandy_Clay_Loam,3
76.62175779,11.77451137,KNGhB1,KNG,Gravelly_Sandy_Clay_Loam,3
76.62175981,11.77677137,BMBiA1,BMB,Clay,1
76.62176384,11.78129137,MGHcB1g1,MGH,Gravelly_Sandy_Clay_Loam,3
76.62176586,11.78355137,KLPhB1g1,KLP,Gravelly_Sandy_Clay_Loam,3
76.62401094,11.72930926,GPRhB1g1,GPR,Gravelly_Sandy_Clay_Loam,3
76.62401297,11.73156927,KLPcB1g1,KLP,Gravelly_Sandy_Clay_Loam,3
76.624015,11.73382928,MDHcB1g1,MDH,Gravelly_Sandy_Clay,2
76.62401703,11.73608929,DRHmB1g1,DRH,Gravelly_Sandy_Clay_Loam,3
76.62401905,11.7383493,DRHmB1g1,DRH,Gravelly_Sandy_Clay_Loam,3
76.62402311,11.74286931,BMBmB1,BMB,Clay,1
76.62402514,11.74512932,MGHhB1g1,MGH,Gravelly_Sandy_Clay_Loam,3
76.62402717,11.74738932,KNGhB1g2,KNG,Gravelly_Sandy_Clay_Loam,3
76.6240292,11.74964933,KNGcB1g2,KNG,Gravelly_Sandy_Clay_Loam,3
76.62403123,11.75190934,KNGcB1g2,KNG,Gravelly_Sandy_Clay_Loam,3
76.62403326,11.75416934,KNGcB1g2,KNG,Gravelly_Sandy_Clay_Loam,3
76.62403529,11.75642935,HDRcC2g2,HDR,Sandy_Clay_Loam,5
76.62403732,11.75868935,MGHhC2g2,MGH,Gravelly_Sandy_Clay_Loam,3
76.62403935,11.76094935,MGHhC2g2,MGH,Gravelly_Sandy_Clay_Loam,3
76.62404138,11.76320936,HDRcC2g2,HDR,Sandy_Clay_Loam,5
76.62404342,11.76546936,HDRbB1g1,HDR,Sandy_Clay_Loam,5
76.62404545,11.76772936,HDRbB1g1,HDR,Sandy_Clay_Loam,5
76.62404748,11.76998937,MGHbB1g1,MGH,Gravelly_Sandy_Clay_Loam,3
76.62404952,11.77224937,DRHcB1,DRH,Gravelly_Sandy_Clay_Loam,3
76.62405155,11.77450937,KNGhB1,KNG,Gravelly_Sandy_Clay_Loam,3
76.62405359,11.77676937,KNGhB1,KNG,Gravelly_Sandy_Clay_Loam,3
76.62405562,11.77902937,BMBiA1,BMB,Clay,1
76.62405766,11.78128938,MGHcB1g1,MGH,Gravelly_Sandy_Clay_Loam,3
76.62630433,11.72930726,GPRhB1g1,GPR,Gravelly_Sandy_Clay_Loam,3
76.62630638,11.73156727,GPRhB1g1,GPR,Gravelly_Sandy_Clay_Loam,3
76.62630842,11.73382727,MDHcB1g1,MDH,Gravelly_Sandy_Clay,2
76.62631047,11.73608728,MDHcB1g1,MDH,Gravelly_Sandy_Clay,2
76.62631252,11.73834729,DRHmB1g1,DRH,Gravelly_Sandy_Clay_Loam,3
76.62631456,11.7406073,BMBmB1,BMB,Clay,1
76.62631661,11.7428673,BMBmB1g1,BMB,Clay,1
76.62631866,11.74512731,BMBmB1,BMB,Clay,1
76.6263248,11.75190733,KNGhB1g2,KNG,Gravelly_Sandy_Clay_Loam,3
76.62632685,11.75416733,KNGhB1g2,KNG,Gravelly_Sandy_Clay_Loam,3
76.6263289,11.75642734,MGHhC2g2,MGH,Gravelly_Sandy_Clay_Loam,3
76.62633095,11.75868734,MGHhC2g2,MGH,Gravelly_Sandy_Clay_Loam,3
76.626333,11.76094734,MGHhC2g2,MGH,Gravelly_Sandy_Clay_Loam,3
76.62633505,11.76320735,MGHcC2g1,MGH,Gravelly_Sandy_Clay_Loam,3
76.62633711,11.76546735,MGHcC2g1,MGH,Gravelly_Sandy_Clay_Loam,3
76.62633916,11.76772735,KNGcC2g2,KNG,Gravelly_Sandy_Clay_Loam,3
76.62634121,11.76998735,KLPhB1,KLP,Gravelly_Sandy_Clay_Loam,3
76.62634326,11.77224736,HDRhB1g1,HDR,Sandy_Clay_Loam,5
76.62634532,11.77450736,DRHhB1g1,DRH,Gravelly_Sandy_Clay_Loam,3
76.62858947,11.7202652,KNGmB1,KNG,Gravelly_Sandy_Clay_Loam,3
76.62859153,11.72252521,HGHmB1,HGH,Sandy_Clay_Loam,5
76.62859772,11.72930523,MGHbB1g2,MGH,Gravelly_Sandy_Clay_Loam,3
76.62859979,11.73156524,MGHbB1g2,MGH,Gravelly_Sandy_Clay_Loam,3
76.62860185,11.73382525,MDHcB1g1,MDH,Gravelly_Sandy_Clay,2
76.62860391,11.73608526,MDHcB1g1,MDH,Gravelly_Sandy_Clay,2
76.62860598,11.73834526,MGHcB1g2,MGH,Gravelly_Sandy_Clay_Loam,3
76.62860805,11.74060527,MGHcB1g2,MGH,Gravelly_Sandy_Clay_Loam,3
76.62861011,11.74286528,BMBmB1g1,BMB,Clay,1
76.62861218,11.74512528,BMBmB1,BMB,Clay,1
76.62861424,11.74738529,BMBmB1,BMB,Clay,1
76.62861631,11.74964529,KNGhB1,KNG,Gravelly_Sandy_Clay_Loam,3
76.62861838,11.7519053,KNGmA1g1,KNG,Gravelly_Sandy_Clay_Loam,3
76.62862045,11.7541653,DRHhB1g1,DRH,Gravelly_Sandy_Clay_Loam,3
76.62862252,11.75642531,MGHhB2g1,MGH,Gravelly_Sandy_Clay_Loam,3
76.62862458,11.75868531,MGHhC2g2,MGH,Gravelly_Sandy_Clay_Loam,3
76.62862665,11.76094531,MGHhC2g2,MGH,Gravelly_Sandy_Clay_Loam,3
76.62862872,11.76320532,MGHcD3g2,MGH,Gravelly_Sandy_Clay_Loam,3
76.62863079,11.76546532,MGHcC2g1,MGH,Gravelly_Sandy_Clay_Loam,3
76.62863286,11.76772532,KLPhB1,KLP,Gravelly_Sandy_Clay_Loam,3
76.62863493,11.76998532,KLPhB1,KLP,Gravelly_Sandy_Clay_Loam,3
76.62863701,11.77224532,HDRhB1g1,HDR,Sandy_Clay_Loam,5
76.63088278,11.72026316,KNGmB1,KNG,Gravelly_Sandy_Clay_Loam,3
76.63088487,11.72252317,HGHmB1,HGH,Sandy_Clay_Loam,5
76.63088695,11.72478318,DRHhB1g1,DRH,Gravelly_Sandy_Clay_Loam,3
76.63088903,11.72704318,DRHbB1g1,DRH,Gravelly_Sandy_Clay_Loam,3
76.63089319,11.7315632,MDHcB1g1,MDH,Gravelly_Sandy_Clay,2
76.63089528,11.73382321,MDHcB1g1,MDH,Gravelly_Sandy_Clay,2
76.63089736,11.73608321,DRHbB1g2,DRH,Gravelly_Sandy_Clay_Loam,3
76.63089944,11.73834322,MGHcB1g2,MGH,Gravelly_Sandy_Clay_Loam,3
76.63090153,11.74060323,MGHhC3g2,MGH,Gravelly_Sandy_Clay_Loam,3
76.63090361,11.74286323,MGHmB1g1,MGH,Gravelly_Sandy_Clay_Loam,3
76.6309057,11.74512324,BMBmB1,BMB,Clay,1
76.63090778,11.74738324,BMBmB1,BMB,Clay,1
76.63091195,11.75190325,KNGhB1,KNG,Gravelly_Sandy_Clay_Loam,3
76.63091404,11.75416325,MGHhB2g1,MGH,Gravelly_Sandy_Clay_Loam,3
76.63091613,11.75642326,MGHhD3g2,MGH,Gravelly_Sandy_Clay_Loam,3
76.63091822,11.75868326,SPRhF3g2R3,SPR,Gravelly_Sandy_Clay_Loam,3
76.6309203,11.76094326,SPRhF3g2R3,SPR,Gravelly_Sandy_Clay_Loam,3
76.63092239,11.76320327,SPRhF3g2R3,SPR,Gravelly_Sandy_Clay_Loam,3
76.63092448,11.76546327,MGHcD3g2,MGH,Gravelly_Sandy_Clay_Loam,3
76.63092657,11.76772327,KLPhB1,KLP,Gravelly_Sandy_Clay_Loam,3
76.6331761,11.7202611,KNGmB1,KNG,Gravelly_Sandy_Clay_Loam,3
76.6331782,11.72252111,HGHmB1,HGH,Sandy_Clay_Loam,5
76.6331803,11.72478111,BMBmA1,BMB,Clay,1
76.6331824,11.72704112,KLPcB1g1,KLP,Gravelly_Sandy_Clay_Loam,3
76.6331887,11.73382114,DRHbB1g2,DRH,Gravelly_Sandy_Clay_Loam,3
76.6331908,11.73608115,DRHbB1g2,DRH,Gravelly_Sandy_Clay_Loam,3
76.6331929,11.73834116,DRHbB1g2,DRH,Gravelly_Sandy_Clay_Loam,3
76.63319501,11.74060116,MGHhC3g2,MGH,Gravelly_Sandy_Clay_Loam,3
76.63319711,11.74286117,MGHmB1g1,MGH,Gravelly_Sandy_Clay_Loam,3
76.63319921,11.74512117,MGHhB1g1,MGH,Gravelly_Sandy_Clay_Loam,3
76.63320132,11.74738118,HPRmB1g1,HPR,Gravelly_Sandy_Clay_Loam,3
76.63320342,11.74964118,BMBiA1g1,BMB,Clay,1
76.63320553,11.75190119,HGHhB1,HGH,Sandy_Clay_Loam,5
76.63320763,11.75416119,KNGcC2g2,KNG,Gravelly_Sandy_Clay_Loam,3
76.63320974,11.75642119,MGHhD3g2,MGH,Gravelly_Sandy_Clay_Loam,3
76.63321185,11.7586812,SPRhF3g2R3,SPR,Gravelly_Sandy_Clay_Loam,3
76.63547153,11.72251903,ARKmB1,ARK,Sandy_Clay,4
76.63547365,11.72477904,BMBmA1,BMB,Clay,1
76.63547577,11.72703904,HGHmB1,HGH,Sandy_Clay_Loam,5
76.63549061,11.74285909,MGHmB1g1,MGH,Gravelly_Sandy_Clay_Loam,3
76.63549273,11.74511909,MGHhB1g1,MGH,Gravelly_Sandy_Clay_Loam,3
76.63549486,11.74737909,HPRmB1g1,HPR,Gravelly_Sandy_Clay_Loam,3
76.63549698,11.7496391,HPRmB1g1,HPR,Gravelly_Sandy_Clay_Loam,3
76.6354991,11.7518991,HGHhB1,HGH,Sandy_Clay_Loam,5
76.63550123,11.7541591,KNGcC2g2,KNG,Gravelly_Sandy_Clay_Loam,3
76.63550335,11.75641911,MGHhD3g2,MGH,Gravelly_Sandy_Clay_Loam,3
76.63776272,11.72025692,ARKmB1,ARK,Sandy_Clay,4
76.63776486,11.72251693,HGHmB1,HGH,Sandy_Clay_Loam,5
76.63776913,11.72703695,BMBmA1,BMB,Clay,1
76.63778625,11.74511699,MGHhB1g1,MGH,Gravelly_Sandy_Clay_Loam,3
76.63778839,11.74737699,HPRmB1g1,HPR,Gravelly_Sandy_Clay_Loam,3
76.63779053,11.749637,HPRmB1g1,HPR,Gravelly_Sandy_Clay_Loam,3
76.64005603,11.72025481,ARKiB1,ARK,Sandy_Clay,4
76.64005819,11.72251482,ARKiB1,ARK,Sandy_Clay,4
76.6423298,11.6999126,MGHhB1g2,MGH,Gravelly_Sandy_Clay_Loam,3
76.64233197,11.70217261,MGHhB1g2,MGH,Gravelly_Sandy_Clay_Loam,3
76.64234935,11.72025268,ARKiB1,ARK,Sandy_Clay,4
76.64235152,11.72251268,ARKiB1,ARK,Sandy_Clay,4
76.64462076,11.69765044,MDHiD2g2,MDH,Gravelly_Sandy_Clay,2
76.64462294,11.69991045,MGHhB1g2,MGH,Gravelly_Sandy_Clay_Loam,3
76.64462513,11.70217046,MGHhB1g2,MGH,Gravelly_Sandy_Clay_Loam,3
76.64464046,11.71799052,GPRhB1,GPR,Gravelly_Sandy_Clay_Loam,3
76.64464266,11.72025052,GPRhB1,GPR,Gravelly_Sandy_Clay_Loam,3
76.64464485,11.72251053,GPRhB1,GPR,Gravelly_Sandy_Clay_Loam,3
76.64691388,11.69764827,KNGcB2g2,KNG,Gravelly_Sandy_Clay_Loam,3
76.64691609,11.69990828,ARKiB1g2,ARK,Sandy_Clay,4
76.64691829,11.70216829,ARKiB1g2,ARK,Sandy_Clay,4
76.64693376,11.71798835,HGHiB1,HGH,Sandy_Clay_Loam,5
76.64693597,11.72024836,HGHhB2,HGH,Sandy_Clay_Loam,5
76.64693818,11.72250836,GPRhB1,GPR,Gravelly_Sandy_Clay_Loam,3
76.64694039,11.72476837,HGHiB2,HGH,Sandy_Clay_Loam,5
76.649207,11.69764609,KNGcB2g2,KNG,Gravelly_Sandy_Clay_Loam,3
76.64920923,11.6999061,KLPiB1,KLP,Gravelly_Sandy_Clay_Loam,3
76.64921145,11.70216611,KLPiB1,KLP,Gravelly_Sandy_Clay_Loam,3
76.64922482,11.71572615,GPRcB1g1,GPR,Gravelly_Sandy_Clay_Loam,3
76.64922705,11.71798616,HGHiB1,HGH,Sandy_Clay_Loam,5
76.64922928,11.72024617,HGHiB1,HGH,Sandy_Clay_Loam,5
76.64923151,11.72250617,HGHiB1,HGH,Sandy_Clay_Loam,5
76.64923374,11.72476618,HGHiB1,HGH,Sandy_Clay_Loam,5
76.64923597,11.72702618,HDRhB1g1,HDR,Sandy_Clay_Loam,5
76.65149788,11.69538388,HGHcB2g1,HGH,Sandy_Clay_Loam,5
76.65150237,11.6999039,KLPiB1,KLP,Gravelly_Sandy_Clay_Loam,3
76.65150462,11.70216391,KLPiB1,KLP,Gravelly_Sandy_Clay_Loam,3
76.65150686,11.70442391,HDRbC2g2,HDR,Sandy_Clay_Loam,5
76.65150911,11.70668392,HDRbC2g2,HDR,Sandy_Clay_Loam,5
76.65151135,11.70894393,HDRbC2g2,HDR,Sandy_Clay_Loam,5
76.65151584,11.71346394,GPRcB1g1,GPR,Gravelly_Sandy_Clay_Loam,3
76.65151809,11.71572395,GPRcB1g1,GPR,Gravelly_Sandy_Clay_Loam,3
76.65152034,11.71798396,MGHcB1,MGH,Gravelly_Sandy_Clay_Loam,3
76.65152259,11.72024396,MGHhB1g1,MGH,Gravelly_Sandy_Clay_Loam,3
76.65152708,11.72476397,HDRiB1g1,HDR,Sandy_Clay_Loam,5
76.65152933,11.72702397,HGHiB1,HGH,Sandy_Clay_Loam,5
76.65153158,11.72928398,HDRhB1g1,HDR,Sandy_Clay_Loam,5
76.65154509,11.742844,MGHcB2g2,MGH,Gravelly_Sandy_Clay_Loam,3
76.65154735,11.745104,MGHcB2g2,MGH,Gravelly_Sandy_Clay_Loam,3
76.65379325,11.69764167,HGHhB1g1,HGH,Sandy_Clay_Loam,5
76.65379551,11.69990168,KLPiB1g1,KLP,Gravelly_Sandy_Clay_Loam,3
76.65379778,11.70216168,KLPiB1g1,KLP,Gravelly_Sandy_Clay_Loam,3
76.65380004,11.70442169,KLPiB1g1,KLP,Gravelly_Sandy_Clay_Loam,3
76.65380683,11.71120171,KNGbC2g2,KNG,Gravelly_Sandy_Clay_Loam,3
76.6538091,11.71346172,KNGcB2g2,KNG,Gravelly_Sandy_Clay_Loam,3
76.65381136,11.71572172,KNGcB2g2,KNG,Gravelly_Sandy_Clay_Loam,3
76.65381363,11.71798173,MGHcB1,MGH,Gravelly_Sandy_Clay_Loam,3
76.6538159,11.72024174,HDRiB1,HDR,Sandy_Clay_Loam,5
76.65381816,11.72250174,HDRiB1,HDR,Sandy_Clay_Loam,5
76.65382043,11.72476174,HDRiB1g1,HDR,Sandy_Clay_Loam,5
76.6538227,11.72702175,HGHmB1,HGH,Sandy_Clay_Loam,5
76.65382497,11.72928175,HGHmB1,HGH,Sandy_Clay_Loam,5
76.65382724,11.73154176,DRHhB1g1,DRH,Gravelly_Sandy_Clay_Loam,3
76.65384086,11.74510177,MGHcB2g2,MGH,Gravelly_Sandy_Clay_Loam,3
76.65608637,11.69763943,KNGmB1,KNG,Gravelly_Sandy_Clay_Loam,3
76.65608865,11.69989944,MGHhB1,MGH,Gravelly_Sandy_Clay_Loam,3
76.65609094,11.70215945,HGHhB1g1,HGH,Sandy_Clay_Loam,5
76.65609322,11.70441945,KNGiA1g1,KNG,Gravelly_Sandy_Clay_Loam,3
76.6560955,11.70667946,KNGiA1g1,KNG,Gravelly_Sandy_Clay_Loam,3
76.65609778,11.70893947,KDHhB1,KDH,Sandy_Clay,4
76.65610007,11.71119947,ARKhB2,ARK,Sandy_Clay,4
76.65610235,11.71345948,ARKhB2,ARK,Sandy_Clay,4
76.65610463,11.71571948,ARKhB1,ARK,Sandy_Clay,4
76.65610692,11.71797949,DRHhB1,DRH,Gravelly_Sandy_Clay_Loam,3
76.65610921,11.72023949,DRHhB1,DRH,Gravelly_Sandy_Clay_Loam,3
76.65611149,11.7224995,HDRiB1,HDR,Sandy_Clay_Loam,5
76.65611378,11.7247595,DRHhB1g1,DRH,Gravelly_Sandy_Clay_Loam,3
76.65611606,11.7270195,HGHmA1,HGH,Sandy_Clay_Loam,5
76.65611835,11.72927951,HGHmB1,HGH,Sandy_Clay_Loam,5
76.65612064,11.73153951,HGHmB1,HGH,Sandy_Clay_Loam,5
76.65613208,11.74283952,MGHcB2g2,MGH,Gravelly_Sandy_Clay_Loam,3
76.65613437,11.74509952,MGHcB2g2,MGH,Gravelly_Sandy_Clay_Loam,3
76.65837719,11.69537716,KNGcD3g2,KNG,Gravelly_Sandy_Clay_Loam,3
76.65837949,11.69763717,KNGcD3g2,KNG,Gravelly_Sandy_Clay_Loam,3
76.65838179,11.69989718,MGHhB1,MGH,Gravelly_Sandy_Clay_Loam,3
76.65838409,11.70215719,MGHmB1,MGH,Gravelly_Sandy_Clay_Loam,3
76.65838639,11.70441719,HPRiB1g1,HPR,Gravelly_Sandy_Clay_Loam,3
76.6583887,11.7066772,KNGiA1g1,KNG,Gravelly_Sandy_Clay_Loam,3
76.658391,11.70893721,KDHhB1,KDH,Sandy_Clay,4
76.6583933,11.71119721,KDHhB1,KDH,Sandy_Clay,4
76.6583956,11.71345722,ARKhB2,ARK,Sandy_Clay,4
76.65839791,11.71571722,ARKhB1,ARK,Sandy_Clay,4
76.65840021,11.71797723,DRHhB1,DRH,Gravelly_Sandy_Clay_Loam,3
76.65840482,11.72249723,HDRiB1,HDR,Sandy_Clay_Loam,5
76.65840712,11.72475724,HDRhB1g1,HDR,Sandy_Clay_Loam,5
76.65840943,11.72701724,HDRhB1g1,HDR,Sandy_Clay_Loam,5
76.65841173,11.72927724,HGHmA1,HGH,Sandy_Clay_Loam,5
76.65841404,11.73153725,HGHmB1,HGH,Sandy_Clay_Loam,5
76.65841635,11.73379725,HGHmB1,HGH,Sandy_Clay_Loam,5
76.65841865,11.73605725,HGHmB1,HGH,Sandy_Clay_Loam,5
76.65842096,11.73831725,HGHmB1,HGH,Sandy_Clay_Loam,5
76.65842327,11.74057725,HGHmB2,HGH,Sandy_Clay_Loam,5
76.65842558,11.74283725,MGHcB2g1,MGH,Gravelly_Sandy_Clay_Loam,3
76.65842789,11.74509725,MGHcB2g2,MGH,Gravelly_Sandy_Clay_Loam,3
76.6606703,11.69537489,KNGcD3g2,KNG,Gravelly_Sandy_Clay_Loam,3
76.66067262,11.6976349,KNGcC2g2,KNG,Gravelly_Sandy_Clay_Loam,3
76.66067493,11.6998949,GPRiB2g1,GPR,Gravelly_Sandy_Clay_Loam,3
76.66067725,11.70215491,DRHhB2g1,DRH,Gravelly_Sandy_Clay_Loam,3
76.66067957,11.70441492,MGHcB2g2,MGH,Gravelly_Sandy_Clay_Loam,3
76.66068189,11.70667492,HDRhC3g2,HDR,Sandy_Clay_Loam,5
76.66068421,11.70893493,HDRhE3g2,HDR,Sandy_Clay_Loam,5
76.66068653,11.71119493,HDRhC3g2,HDR,Sandy_Clay_Loam,5
76.66068885,11.71345494,KDHhB1g1,KDH,Sandy_Clay,4
76.66069118,11.71571494,KDHhB1g1,KDH,Sandy_Clay,4
76.6606935,11.71797495,KLPiB1,KLP,Gravelly_Sandy_Clay_Loam,3
76.66069582,11.72023495,KLPiB1,KLP,Gravelly_Sandy_Clay_Loam,3
76.66069814,11.72249495,DRHhB1g1,DRH,Gravelly_Sandy_Clay_Loam,3
76.66070047,11.72475496,HDRiB1g1,HDR,Sandy_Clay_Loam,5
76.66070279,11.72701496,HDRiB1g1,HDR,Sandy_Clay_Loam,5
76.66070512,11.72927496,KNGhB2g2,KNG,Gravelly_Sandy_Clay_Loam,3
76.66070744,11.73153496,KNGhB2g2,KNG,Gravelly_Sandy_Clay_Loam,3
76.66070977,11.73379497,KLPiB2,KLP,Gravelly_Sandy_Clay_Loam,3
76.66071442,11.73831497,HGHmB2,HGH,Sandy_Clay_Loam,5
76.66071675,11.74057497,HGHmB2,HGH,Sandy_Clay_Loam,5
76.66071907,11.74283497,MGHcB2g1,MGH,Gravelly_Sandy_Clay_Loam,3
76.6607214,11.74509497,MGHcB2g1,MGH,Gravelly_Sandy_Clay_Loam,3
76.6629634,11.6953726,KNGcD3g2,KNG,Gravelly_Sandy_Clay_Loam,3
76.66296574,11.6976326,KNGcC2g2,KNG,Gravelly_Sandy_Clay_Loam,3
76.66296807,11.69989261,GPRiB2g1,GPR,Gravelly_Sandy_Clay_Loam,3
76.66297041,11.70215262,DRHhB2g1,DRH,Gravelly_Sandy_Clay_Loam,3
76.66297275,11.70441262,DRHhB2g1,DRH,Gravelly_Sandy_Clay_Loam,3
76.66297509,11.70667263,MGHmC2g2,MGH,Gravelly_Sandy_Clay_Loam,3
76.66297743,11.70893263,HDRhE3g2,HDR,Sandy_Clay_Loam,5
76.66297977,11.71119264,HDRhB2g1,HDR,Sandy_Clay_Loam,5
76.66298211,11.71345264,DRHhB1g1,DRH,Gravelly_Sandy_Clay_Loam,3
76.66298445,11.71571265,KDHhB1g1,KDH,Sandy_Clay,4
76.66298913,11.72023265,DRHhB1,DRH,Gravelly_Sandy_Clay_Loam,3
76.66299147,11.72249266,DRHhB1,DRH,Gravelly_Sandy_Clay_Loam,3
76.66299381,11.72475266,HGHmB1,HGH,Sandy_Clay_Loam,5
76.66299615,11.72701266,HGHmB1,HGH,Sandy_Clay_Loam,5
76.6629985,11.72927266,HGHmB1,HGH,Sandy_Clay_Loam,5
76.66300084,11.73153266,DRHiA1,DRH,Gravelly_Sandy_Clay_Loam,3
76.66300319,11.73379266,MDHiB1,MDH,Gravelly_Sandy_Clay,2
76.66300553,11.73605267,HPRmB2,HPR,Gravelly_Sandy_Clay_Loam,3
76.66300787,11.73831267,HPRmB2,HPR,Gravelly_Sandy_Clay_Loam,3
76.66301022,11.74057267,HGHmB2,HGH,Sandy_Clay_Loam,5
76.66301491,11.74509267,MGHcB2g1,MGH,Gravelly_Sandy_Clay_Loam,3
76.6652565,11.69537028,HDRhD3g2,HDR,Sandy_Clay_Loam,5
76.66525886,11.69763029,KNGcC2g2,KNG,Gravelly_Sandy_Clay_Loam,3
76.66526121,11.6998903,HPRcC2g1,HPR,Gravelly_Sandy_Clay_Loam,3
76.66526357,11.7021503,HGHhB1g1,HGH,Sandy_Clay_Loam,5
76.66526593,11.70441031,DRHhB2g1,DRH,Gravelly_Sandy_Clay_Loam,3
76.66526828,11.70667031,MGHhC2g2,MGH,Gravelly_Sandy_Clay_Loam,3
76.66527064,11.70893032,MGHhC2g2,MGH,Gravelly_Sandy_Clay_Loam,3
76.665273,11.71119032,HDRhB2g1,HDR,Sandy_Clay_Loam,5
76.66527536,11.71345033,HDRhB2g1,HDR,Sandy_Clay_Loam,5
76.66527771,11.71571033,DRHhB1g1,DRH,Gravelly_Sandy_Clay_Loam,3
76.66528007,11.71797033,DRHhB1g1,DRH,Gravelly_Sandy_Clay_Loam,3
76.66528243,11.72023034,DRHhB1,DRH,Gravelly_Sandy_Clay_Loam,3
76.66528479,11.72249034,DRHhB1,DRH,Gravelly_Sandy_Clay_Loam,3
76.66528716,11.72475034,HGHmB1,HGH,Sandy_Clay_Loam,5
76.66528952,11.72701034,HGHmB1,HGH,Sandy_Clay_Loam,5
76.66529188,11.72927034,SPRiB1g1,SPR,Gravelly_Sandy_Clay_Loam,3
76.66529424,11.73153034,SPRiB1g1,SPR,Gravelly_Sandy_Clay_Loam,3
76.6652966,11.73379035,DRHiA1,DRH,Gravelly_Sandy_Clay_Loam,3
76.66529897,11.73605035,MDHiB1,MDH,Gravelly_Sandy_Clay,2
76.66530133,11.73831035,HPRiB1,HPR,Gravelly_Sandy_Clay_Loam,3
76.6653037,11.74057035,HPRiB1,HPR,Gravelly_Sandy_Clay_Loam,3
76.66530606,11.74283034,HGHmB2,HGH,Sandy_Clay_Loam,5
76.66754723,11.69310795,HDRhD3g2,HDR,Sandy_Clay_Loam,5
76.6675496,11.69536795,HDRhD3g2,HDR,Sandy_Clay_Loam,5
76.66755198,11.69762796,HPRcC2g1,HPR,Gravelly_Sandy_Clay_Loam,3
76.66755435,11.69988797,HPRcC2g1,HPR,Gravelly_Sandy_Clay_Loam,3
76.66755673,11.70214797,HPRcC2g1,HPR,Gravelly_Sandy_Clay_Loam,3
76.6675591,11.70440798,ARKhB1g1,ARK,Sandy_Clay,4
76.66756148,11.70666798,ARKhB1g1,ARK,Sandy_Clay,4
76.66756385,11.70892798,KLPhB1g1,KLP,Gravelly_Sandy_Clay_Loam,3
76.66756623,11.71118799,KDHmB1g1,KDH,Sandy_Clay,4
76.66756861,11.71344799,KDHmB1g1,KDH,Sandy_Clay,4
76.66757098,11.715708,KDHmB1g1,KDH,Sandy_Clay,4
76.66757336,11.717968,KDHmB1g1,KDH,Sandy_Clay,4
76.66757574,11.720228,KDHmB1g1,KDH,Sandy_Clay,4
76.66757812,11.722488,HGHiB1,HGH,Sandy_Clay_Loam,5
76.6675805,11.724748,HGHiB1,HGH,Sandy_Clay_Loam,5
76.66758288,11.72700801,HGHmB1,HGH,Sandy_Clay_Loam,5
76.66758526,11.72926801,HGHmB1,HGH,Sandy_Clay_Loam,5
76.6675924,11.73604801,MDHiB1,MDH,Gravelly_Sandy_Clay,2
76.66759479,11.73830801,HPRiB1,HPR,Gravelly_Sandy_Clay_Loam,3
76.66759717,11.74056801,HGHmB2,HGH,Sandy_Clay_Loam,5
76.66984749,11.69988562,HPRcC2g1,HPR,Gravelly_Sandy_Clay_Loam,3
76.66984988,11.70214562,HPRcC2g1,HPR,Gravelly_Sandy_Clay_Loam,3
76.66985228,11.70440563,HDRcC2g2,HDR,Sandy_Clay_Loam,5
76.66985467,11.70666563,ARKhB1g1,ARK,Sandy_Clay,4
76.66985706,11.70892563,HDRhB1g1,HDR,Sandy_Clay_Loam,5
76.66985946,11.71118564,KDHmB1g1,KDH,Sandy_Clay,4
76.66986186,11.71344564,KDHmB1g1,KDH,Sandy_Clay,4
76.66986425,11.71570564,KDHmB1g1,KDH,Sandy_Clay,4
76.66986665,11.71796565,KDHmB1g1,KDH,Sandy_Clay,4
76.66987144,11.72248565,HGHiB1,HGH,Sandy_Clay_Loam,5
76.66987384,11.72474565,HGHiB1,HGH,Sandy_Clay_Loam,5
76.66987624,11.72700565,HGHmB1,HGH,Sandy_Clay_Loam,5
76.66987864,11.72926565,HGHmB1,HGH,Sandy_Clay_Loam,5
76.67214063,11.69988325,HDRcD3g1,HDR,Sandy_Clay_Loam,5
76.67214304,11.70214325,HDRcD3g1,HDR,Sandy_Clay_Loam,5
76.67214545,11.70440326,HDRcC2g2,HDR,Sandy_Clay_Loam,5
76.67214786,11.70666326,HDRhB1g1,HDR,Sandy_Clay_Loam,5
76.67215028,11.70892326,KNGcB2g2,KNG,Gravelly_Sandy_Clay_Loam,3
76.67215269,11.71118327,DRHcB1g1,DRH,Gravelly_Sandy_Clay_Loam,3
76.67215511,11.71344327,DRHcB1g1,DRH,Gravelly_Sandy_Clay_Loam,3
76.67215752,11.71570327,KDHmB1g1,KDH,Sandy_Clay,4
76.67215994,11.71796327,KDHmB1g1,KDH,Sandy_Clay,4
76.67216235,11.72022328,KDHmB1g1,KDH,Sandy_Clay,4
76.67216477,11.72248328,DRHmB1g1,DRH,Gravelly_Sandy_Clay_Loam,3
76.67216718,11.72474328,DRHmB1g1,DRH,Gravelly_Sandy_Clay_Loam,3
76.67443862,11.70440087,HDRcC2g2,HDR,Sandy_Clay_Loam,5
76.67444106,11.70666087,HDRcC2g2,HDR,Sandy_Clay_Loam,5
76.67444349,11.70892088,MGHcC2g2,MGH,Gravelly_Sandy_Clay_Loam,3
76.67444592,11.71118088,MGHcB2g2,MGH,Gravelly_Sandy_Clay_Loam,3
76.67444835,11.71344088,MGHcB2g2,MGH,Gravelly_Sandy_Clay_Loam,3
76.67445079,11.71570088,DRHcB1g1,DRH,Gravelly_Sandy_Clay_Loam,3
76.67445322,11.71796088,SPRhB1g1,SPR,Gravelly_Sandy_Clay_Loam,3
76.67445566,11.72022088,SPRhB1g1,SPR,Gravelly_Sandy_Clay_Loam,3
76.67445809,11.72248089,SPRmB1g1,SPR,Gravelly_Sandy_Clay_Loam,3
76.67446053,11.72474089,SPRhB1g1,SPR,Gravelly_Sandy_Clay_Loam,3
76.67671711,11.69083844,SPRcD3g2,SPR,Gravelly_Sandy_Clay_Loam,3
76.67671956,11.69309845,SPRcD3g2,SPR,Gravelly_Sandy_Clay_Loam,3
76.676722,11.69535845,SPRcD3g2,SPR,Gravelly_Sandy_Clay_Loam,3
76.67672445,11.69761846,HDRcD3g2,HDR,Sandy_Clay_Loam,5
76.6767269,11.69987846,HDRcD3g2,HDR,Sandy_Clay_Loam,5
76.67672935,11.70213846,HDRcD3g2,HDR,Sandy_Clay_Loam,5
76.6767318,11.70439847,HDRcD3g2,HDR,Sandy_Clay_Loam,5
76.67673425,11.70665847,HDRcD3g2,HDR,Sandy_Clay_Loam,5
76.6767367,11.70891847,MGHcC2g2,MGH,Gravelly_Sandy_Clay_Loam,3
76.67673915,11.71117847,SPRcB2g2,SPR,Gravelly_Sandy_Clay_Loam,3
76.6767416,11.71343847,DRHbB1g2,DRH,Gravelly_Sandy_Clay_Loam,3
76.67674651,11.71795848,HPRhB1g1,HPR,Gravelly_Sandy_Clay_Loam,3
76.67675141,11.72247848,SPRhB1g1,SPR,Gravelly_Sandy_Clay_Loam,3
76.67675387,11.72473848,SPRhB1g1,SPR,Gravelly_Sandy_Clay_Loam,3
76.67901017,11.69083602,SPRcD3g2,SPR,Gravelly_Sandy_Clay_Loam,3
76.67901264,11.69309603,SPRcD3g2,SPR,Gravelly_Sandy_Clay_Loam,3
76.6790151,11.69535603,SPRcD3g2,SPR,Gravelly_Sandy_Clay_Loam,3
76.67901757,11.69761603,MGHhD3g2,MGH,Gravelly_Sandy_Clay_Loam,3
76.67902004,11.69987604,HDRcD3g2,HDR,Sandy_Clay_Loam,5
76.6790225,11.70213604,HDRcD3g2,HDR,Sandy_Clay_Loam,5
76.67902497,11.70439604,HDRcD3g2,HDR,Sandy_Clay_Loam,5
76.67902744,11.70665604,HDRcD3g2,HDR,Sandy_Clay_Loam,5
76.67902991,11.70891605,HDRbB2g2,HDR,Sandy_Clay_Loam,5
76.67903054,11.72023858,HPRhB1g1,HPR,Gravelly_Sandy_Clay_Loam,3
76.67903238,11.71117605,HDRbB2g2,HDR,Sandy_Clay_Loam,5
76.67903301,11.72249858,HDRhB1g1,HDR,Sandy_Clay_Loam,5
76.67903485,11.71343605,DRHbB1g2,DRH,Gravelly_Sandy_Clay_Loam,3
76.67903732,11.71569605,SPRcB2g1,SPR,Gravelly_Sandy_Clay_Loam,3
76.67903979,11.71795605,HPRhB1g1,HPR,Gravelly_Sandy_Clay_Loam,3
76.67904226,11.72021605,HPRhB1g1,HPR,Gravelly_Sandy_Clay_Loam,3
76.67904474,11.72247605,HDRhB1g1,HDR,Sandy_Clay_Loam,5
76.67904721,11.72473605,HDRhB1g1,HDR,Sandy_Clay_Loam,5
76.68130323,11.69083358,HDRcC2g2,HDR,Sandy_Clay_Loam,5
76.68130572,11.69309359,SPRcD2g2,SPR,Gravelly_Sandy_Clay_Loam,3
76.6813082,11.69535359,SPRcD2g2,SPR,Gravelly_Sandy_Clay_Loam,3
76.68131069,11.69761359,SPRcD2g2,SPR,Gravelly_Sandy_Clay_Loam,3
76.68131317,11.6998736,HDRbD3g2,HDR,Sandy_Clay_Loam,5
76.68131566,11.7021336,HDRcD3g2,HDR,Sandy_Clay_Loam,5
76.68131815,11.7043936,HDRbD3g2,HDR,Sandy_Clay_Loam,5
76.68132063,11.7066536,HDRcD3g2,HDR,Sandy_Clay_Loam,5
76.68132312,11.7089136,HDRbB2g2,HDR,Sandy_Clay_Loam,5
76.68132561,11.7111736,HDRbB2g2,HDR,Sandy_Clay_Loam,5
76.6813281,11.7134336,KNGhB1g1,KNG,Gravelly_Sandy_Clay_Loam,3
76.68133059,11.7156936,SPRcB2g1,SPR,Gravelly_Sandy_Clay_Loam,3
76.68133308,11.7179536,SPRcB2g1,SPR,Gravelly_Sandy_Clay_Loam,3
76.68133557,11.7202136,SPRcB1g2,SPR,Gravelly_Sandy_Clay_Loam,3
76.68133806,11.7224736,SPRcB1g2,SPR,Gravelly_Sandy_Clay_Loam,3
76.68359879,11.69309113,HDRcC2g2,HDR,Sandy_Clay_Loam,5
76.6836013,11.69535113,SPRcD2g2,SPR,Gravelly_Sandy_Clay_Loam,3
76.6836038,11.69761113,SPRcD2g2,SPR,Gravelly_Sandy_Clay_Loam,3
76.68360631,11.69987114,HDRbB2g2,HDR,Sandy_Clay_Loam,5
76.68360881,11.70213114,HDRbB2g2,HDR,Sandy_Clay_Loam,5
76.68361132,11.70439114,HDRbB2g2,HDR,Sandy_Clay_Loam,5
76.68361382,11.70665114,HDRbB2g2,HDR,Sandy_Clay_Loam,5
76.68361633,11.70891114,HDRbB2g2,HDR,Sandy_Clay_Loam,5
76.68361884,11.71117114,HPRiB1g1,HPR,Gravelly_Sandy_Clay_Loam,3
76.68362134,11.71343114,HDRbB2g2,HDR,Sandy_Clay_Loam,5
76.68362636,11.71795114,HPRiB1g1,HPR,Gravelly_Sandy_Clay_Loam,3
76.68362887,11.72021114,HGHiB1g1,HGH,Sandy_Clay_Loam,5
76.68363138,11.72247114,SPRcB1g2,SPR,Gravelly_Sandy_Clay_Loam,3
76.68363389,11.72473114,SPRcB1g2,SPR,Gravelly_Sandy_Clay_Loam,3
76.68589187,11.69308865,KNGcB2g2,KNG,Gravelly_Sandy_Clay_Loam,3
76.6858944,11.69534865,KNGcB2g2,KNG,Gravelly_Sandy_Clay_Loam,3
76.68589692,11.69760866,KNGcB2g2,KNG,Gravelly_Sandy_Clay_Loam,3
76.68589944,11.69986866,HDRbB2g2,HDR,Sandy_Clay_Loam,5
76.68590197,11.70212866,HDRbB2g2,HDR,Sandy_Clay_Loam,5
76.68590449,11.70438866,HDRbB2g2,HDR,Sandy_Clay_Loam,5
76.68590701,11.70664866,HDRcB1g2,HDR,Sandy_Clay_Loam,5
76.68590954,11.70890866,HDRcB1g2,HDR,Sandy_Clay_Loam,5
76.68591206,11.71116866,HPRiB1g1,HPR,Gravelly_Sandy_Clay_Loam,3
76.68591459,11.71342866,HPRiB1g1,HPR,Gravelly_Sandy_Clay_Loam,3
76.68591712,11.71568866,HPRiB1g1,HPR,Gravelly_Sandy_Clay_Loam,3
76.68591964,11.71794866,HPRiB1g1,HPR,Gravelly_Sandy_Clay_Loam,3
76.68592217,11.72020866,HGHiB1g1,HGH,Sandy_Clay_Loam,5
76.6859247,11.72246866,HDRhB1g1,HDR,Sandy_Clay_Loam,5
76.68592723,11.72472865,HDRhB1g1,HDR,Sandy_Clay_Loam,5
76.68818495,11.69308616,HDRcB1g2,HDR,Sandy_Clay_Loam,5
76.68818749,11.69534616,HDRcB1g2,HDR,Sandy_Clay_Loam,5
76.68819003,11.69760616,KNGcB2g2,KNG,Gravelly_Sandy_Clay_Loam,3
76.68819258,11.69986616,DRHcB2g2,DRH,Gravelly_Sandy_Clay_Loam,3
76.68819512,11.70212616,DRHcB2g2,DRH,Gravelly_Sandy_Clay_Loam,3
76.68819766,11.70438616,HDRbB2g2,HDR,Sandy_Clay_Loam,5
76.6882002,11.70664616,HDRhB1g1,HDR,Sandy_Clay_Loam,5
76.68820275,11.70890616,HDRcB1g2,HDR,Sandy_Clay_Loam,5
76.68820529,11.71116616,HPRiB1g1,HPR,Gravelly_Sandy_Clay_Loam,3
76.68820784,11.71342616,HPRiB1g1,HPR,Gravelly_Sandy_Clay_Loam,3
76.68821038,11.71568616,HPRiB1g1,HPR,Gravelly_Sandy_Clay_Loam,3
76.68821293,11.71794616,HGHmB1g1,HGH,Sandy_Clay_Loam,5
76.68821547,11.72020616,HGHmB1g1,HGH,Sandy_Clay_Loam,5
76.68821802,11.72246616,BMBiB1g1,BMB,Clay,1
76.68822057,11.72472615,HGHmA1g1,HGH,Sandy_Clay_Loam,5
76.69047803,11.69308364,HPRiB1g1,HPR,Gravelly_Sandy_Clay_Loam,3
76.69048059,11.69534365,HPRiB1g1,HPR,Gravelly_Sandy_Clay_Loam,3
76.69048315,11.69760365,HDRiB2g2,HDR,Sandy_Clay_Loam,5
76.69048571,11.69986365,DRHcB2g2,DRH,Gravelly_Sandy_Clay_Loam,3
76.69048827,11.70212365,DRHcB2g2,DRH,Gravelly_Sandy_Clay_Loam,3
76.69049083,11.70438365,DRHcB2g2,DRH,Gravelly_Sandy_Clay_Loam,3
76.69049339,11.70664365,HDRhB1g1,HDR,Sandy_Clay_Loam,5
76.69049596,11.70890365,HDRhB1g1,HDR,Sandy_Clay_Loam,5
76.69049852,11.71116365,HPRiB1g1,HPR,Gravelly_Sandy_Clay_Loam,3
76.69050108,11.71342364,HPRiB1g1,HPR,Gravelly_Sandy_Clay_Loam,3
76.69050365,11.71568364,SPRmA1,SPR,Gravelly_Sandy_Clay_Loam,3
76.69050621,11.71794364,SPRmA1,SPR,Gravelly_Sandy_Clay_Loam,3
76.69050878,11.72020364,HPRmB1,HPR,Gravelly_Sandy_Clay_Loam,3
76.69051134,11.72246364,HPRmB1,HPR,Gravelly_Sandy_Clay_Loam,3
76.69051391,11.72472363,HGHmB1g1,HGH,Sandy_Clay_Loam,5
76.69051647,11.72698363,HGHmB1g1,HGH,Sandy_Clay_Loam,5
76.69276853,11.69082111,DRHbC2g2,DRH,Gravelly_Sandy_Clay_Loam,3
76.69277111,11.69308111,HPRiB1g1,HPR,Gravelly_Sandy_Clay_Loam,3
76.69277626,11.69760111,HGHiB2g2,HGH,Sandy_Clay_Loam,5
76.69277884,11.69986112,HDRcB1g1,HDR,Sandy_Clay_Loam,5
76.69278142,11.70212112,HDRcB1g1,HDR,Sandy_Clay_Loam,5
76.692784,11.70438111,HDRhB1g1,HDR,Sandy_Clay_Loam,5
76.69278658,11.70664111,HDRhB1g1,HDR,Sandy_Clay_Loam,5
76.69278916,11.70890111,HDRhB1g1,HDR,Sandy_Clay_Loam,5
76.69279433,11.71342111,HPRiB1g1,HPR,Gravelly_Sandy_Clay_Loam,3
76.69279691,11.71568111,HPRmA1,HPR,Gravelly_Sandy_Clay_Loam,3
76.69279949,11.71794111,HPRmA1,HPR,Gravelly_Sandy_Clay_Loam,3
76.69280208,11.7202011,SPRhB1g2,SPR,Gravelly_Sandy_Clay_Loam,3
76.69280466,11.7224611,SPRhB1g2,SPR,Gravelly_Sandy_Clay_Loam,3
76.69280724,11.7247211,HDRcB1g2,HDR,Sandy_Clay_Loam,5
76.69280983,11.72698109,HDRcB1g2,HDR,Sandy_Clay_Loam,5
76.69506159,11.69081856,DRHbC2g2,DRH,Gravelly_Sandy_Clay_Loam,3
76.69506418,11.69307856,SPRbB2g2,SPR,Gravelly_Sandy_Clay_Loam,3
76.69506678,11.69533856,HGHiB2g2,HGH,Sandy_Clay_Loam,5
76.69506938,11.69759856,HGHiB2g2,HGH,Sandy_Clay_Loam,5
76.69507197,11.69985856,HGHiB2g2,HGH,Sandy_Clay_Loam,5
76.69507457,11.70211856,KDHiA1g1,KDH,Sandy_Clay,4
76.69507977,11.70663856,HDRiB1,HDR,Sandy_Clay_Loam,5
76.69508237,11.70889856,HDRiB1,HDR,Sandy_Clay_Loam,5
76.69508497,11.71115856,HDRiB1,HDR,Sandy_Clay_Loam,5
76.69508757,11.71341856,HPRiB1g1,HPR,Gravelly_Sandy_Clay_Loam,3
76.69509017,11.71567855,HDRmB1g1,HDR,Sandy_Clay_Loam,5
76.69509277,11.71793855,HDRmB1g1,HDR,Sandy_Clay_Loam,5
76.69509538,11.72019855,SPRhB1g2,SPR,Gravelly_Sandy_Clay_Loam,3
76.69509798,11.72245854,SPRhB1g2,SPR,Gravelly_Sandy_Clay_Loam,3
76.69510058,11.72471854,SPRhB1g2,SPR,Gravelly_Sandy_Clay_Loam,3
76.69735465,11.690816,KNGbE3g2,KNG,Gravelly_Sandy_Clay_Loam,3
76.69735726,11.693076,SPRbB2g2,SPR,Gravelly_Sandy_Clay_Loam,3
76.69735987,11.695336,HPRbB2g2,HPR,Gravelly_Sandy_Clay_Loam,3
76.69736249,11.697596,HDRcB1g1,HDR,Sandy_Clay_Loam,5
76.69736511,11.699856,HPRcB1g1,HPR,Gravelly_Sandy_Clay_Loam,3
76.69736772,11.70211599,KDHiA1g1,KDH,Sandy_Clay,4
76.69737034,11.70437599,KDHiA1g1,KDH,Sandy_Clay,4
76.69737296,11.70663599,HGHmB1,HGH,Sandy_Clay_Loam,5
76.69737558,11.70889599,BMBiB1g1,BMB,Clay,1
76.69738605,11.71793598,HDRmB1g1,HDR,Sandy_Clay_Loam,5
76.69738868,11.72019597,HDRmB1g1,HDR,Sandy_Clay_Loam,5
76.6973913,11.72245597,HDRmB1g1,HDR,Sandy_Clay_Loam,5
76.69739392,11.72471596,SPRhB1g2,SPR,Gravelly_Sandy_Clay_Loam,3
76.6996477,11.69081341,KNGbE3g2,KNG,Gravelly_Sandy_Clay_Loam,3
76.69965034,11.69307341,MGHcC2g2,MGH,Gravelly_Sandy_Clay_Loam,3
76.69965297,11.69533341,HPRbB2g2,HPR,Gravelly_Sandy_Clay_Loam,3
76.6996556,11.69759341,ARKiB1g1,ARK,Sandy_Clay,4
76.69965824,11.69985341,HPRcB1g1,HPR,Gravelly_Sandy_Clay_Loam,3
76.69966087,11.70211341,HPRhB1g1,HPR,Gravelly_Sandy_Clay_Loam,3
76.69966351,11.7043734,KDHiB1,KDH,Sandy_Clay,4
76.69966614,11.7066334,KDHiB1,KDH,Sandy_Clay,4
76.69966878,11.7088934,KDHiB1,KDH,Sandy_Clay,4
76.70194076,11.69081081,MGHcC2g2,MGH,Gravelly_Sandy_Clay_Loam,3
76.70194341,11.69307081,MGHcC2g2,MGH,Gravelly_Sandy_Clay_Loam,3
76.70194606,11.6953308,ARKiB1g1,ARK,Sandy_Clay,4
76.70194872,11.6975908,ARKiB1g1,ARK,Sandy_Clay,4
76.70195137,11.6998508,ARKiB1g1,ARK,Sandy_Clay,4
76.70195402,11.7021108,HDRhB1g1,HDR,Sandy_Clay_Loam,5
76.70195668,11.7043708,HPRhB1g1,HPR,Gravelly_Sandy_Clay_Loam,3
76.70196199,11.70889079,KDHiB1,KDH,Sandy_Clay,4
76.70423916,11.69532818,ARKiB1g1,ARK,Sandy_Clay,4
76.7042445,11.69984818,ARKiB1g1,ARK,Sandy_Clay,4
76.70424717,11.70210817,HPRhB1g1,HPR,Gravelly_Sandy_Clay_Loam,3
76.70425519,11.70888816,KDHiB1,KDH,Sandy_Clay,4
